snap_time,arrival_delay,departure_delay
2025-02-18 20:24:00,22.412993039443155,22.4025974025974
2025-02-19 10:56:00,22.450765864332602,21.061946902654867
2025-02-19 12:02:00,23.323442136498517,25.194805194805195
2025-02-19 12:17:00,24.130434782608695,26.482758620689655
2025-02-19 12:32:00,28.867924528301888,24.444444444444443
2025-02-19 12:47:00,49.714285714285715,66.5934065934066
2025-02-19 13:02:00,35.38461538461539,40.714285714285715
2025-02-19 13:17:00,72.83422459893048,75.29411764705883
2025-02-19 13:32:00,31.93548387096774,39.411764705882355
2025-02-19 13:47:00,31.39072847682119,28.867924528301888
2025-02-19 14:02:00,30.98901098901099,34.15384615384615
2025-02-19 14:17:00,19.696969696969695,23.164556962025316
2025-02-19 14:32:00,22.05128205128205,25.714285714285715
2025-02-19 14:47:00,26.503067484662576,32.142857142857146
2025-02-19 15:02:00,22.31404958677686,24.666666666666668
2025-02-19 15:17:00,40.73394495412844,53.855421686746986
2025-02-19 15:32:00,86.54545454545455,95.52
2025-02-19 15:47:00,98.33333333333333,127.1830985915493
2025-02-19 16:02:00,217.77777777777777,251.25
2025-02-19 16:17:00,145.48262548262548,165.2132701421801
2025-02-19 16:32:00,80.88235294117646,84.0
2025-02-19 16:47:00,148.33948339483396,180.0
2025-02-19 17:02:00,137.31543624161074,144.10256410256412
2025-02-19 17:17:00,100.73394495412845,114.06976744186046
2025-02-19 17:32:00,110.33557046979865,117.0
2025-02-19 17:47:00,61.855670103092784,60.857142857142854
2025-02-19 18:02:00,212.40641711229947,220.0
2025-02-19 18:17:00,215.84415584415584,253.94594594594594
2025-02-19 18:32:00,142.6153846153846,170.58823529411765
2025-02-19 18:47:00,316.42105263157896,392.60869565217394
2025-02-19 19:02:00,274.8529411764706,318.54545454545456
2025-02-19 19:17:00,35.666666666666664,40.40816326530612
2025-02-19 19:32:00,68.64864864864865,70.58823529411765
2025-02-19 19:47:00,49.83870967741935,48.75
2025-02-19 20:02:00,72.5925925925926,74.73684210526316
2025-02-19 20:17:00,40.40816326530612,37.43119266055046
2025-02-19 20:32:00,60.75949367088607,93.55932203389831
2025-02-19 20:47:00,50.869565217391305,57.93103448275862
2025-02-19 21:02:00,99.6774193548387,92.0
2025-02-19 21:17:00,36.41025641025641,50.32258064516129
2025-02-19 21:32:00,34.285714285714285,41.25
2025-02-19 21:47:00,35.0,40.645161290322584
2025-02-19 22:02:00,51.06382978723404,50.0
2025-02-19 22:17:00,45.45454545454545,38.4
2025-02-19 22:32:00,64.13793103448276,26.08695652173913
2025-02-19 22:47:00,172.0,45.0
2025-02-19 23:02:00,24.0,
2025-02-19 23:17:00,240.0,60.0
2025-02-19 23:32:00,60.0,90.0
2025-02-19 23:47:00,60.0,
2025-02-20 03:17:00,21.818181818181817,22.5
2025-02-20 03:32:00,24.615384615384617,25.0
2025-02-20 03:47:00,24.705882352941178,26.31578947368421
2025-02-20 04:02:00,27.142857142857142,22.75862068965517
2025-02-20 04:17:00,18.42105263157895,23.75
2025-02-20 04:32:00,18.40909090909091,22.258064516129032
2025-02-20 04:47:00,20.675675675675677,22.63157894736842
2025-02-20 05:02:00,24.428571428571427,27.058823529411764
2025-02-20 05:17:00,16.176470588235293,21.951219512195124
2025-02-20 05:32:00,18.773006134969325,23.62204724409449
2025-02-20 05:47:00,124.10958904109589,146.47058823529412
2025-02-20 06:02:00,35.20661157024794,40.0
2025-02-20 06:17:00,22.718446601941746,28.67924528301887
2025-02-20 06:32:00,14.304635761589404,18.58407079646018
2025-02-20 06:47:00,23.6697247706422,22.125
2025-02-20 07:02:00,53.9568345323741,57.714285714285715
2025-02-20 07:17:00,41.15942028985507,46.785714285714285
2025-02-20 07:32:00,25.970149253731343,28.846153846153847
2025-02-20 07:47:00,23.814432989690722,26.71232876712329
2025-02-20 08:02:00,46.890756302521005,49.148936170212764
2025-02-20 08:17:00,19.263157894736842,23.137254901960784
2025-02-20 08:32:00,63.6,70.81967213114754
2025-02-20 08:47:00,187.0935960591133,239.61290322580646
2025-02-20 09:02:00,48.292682926829265,58.656716417910445
2025-02-20 09:17:00,29.592760180995477,33.01587301587302
2025-02-20 09:32:00,43.97260273972603,49.32203389830509
2025-02-20 09:47:00,28.214285714285715,26.129032258064516
2025-02-20 10:17:00,32.225519287833826,35.111111111111114
2025-02-20 10:32:00,49.00763358778626,47.18446601941748
2025-02-20 10:47:00,38.88268156424581,39.111111111111114
2025-02-20 11:02:00,41.111111111111114,48.0
2025-02-20 11:17:00,32.698412698412696,34.22818791946309
2025-02-20 11:32:00,30.545454545454547,26.823529411764707
2025-02-20 11:47:00,28.8,25.96153846153846
2025-02-20 12:02:00,25.894736842105264,28.181818181818183
2025-02-20 12:17:00,17.91044776119403,24.57831325301205
2025-02-20 12:32:00,19.45945945945946,21.428571428571427
2025-02-20 12:47:00,25.90909090909091,31.428571428571427
2025-02-20 13:02:00,278.2258064516129,370.96774193548384
2025-02-20 13:17:00,18.0,26.301369863013697
2025-02-20 13:32:00,68.51851851851852,69.85074626865672
2025-02-20 13:47:00,54.74226804123711,54.32432432432432
2025-02-20 14:02:00,100.84033613445378,108.79120879120879
2025-02-20 14:17:00,47.142857142857146,41.25
2025-02-20 14:32:00,41.28,36.49484536082474
2025-02-20 14:47:00,35.869565217391305,33.63636363636363
2025-02-20 15:02:00,24.615384615384617,16.451612903225808
2025-02-20 15:17:00,18.11320754716981,27.073170731707318
2025-02-20 15:32:00,24.363636363636363,27.761194029850746
2025-02-20 15:47:00,27.076923076923077,29.016393442622952
2025-02-20 16:02:00,30.833333333333332,36.666666666666664
2025-02-20 16:17:00,20.48780487804878,26.79245283018868
2025-02-20 16:32:00,43.50877192982456,45.80152671755725
2025-02-20 16:47:00,31.18811881188119,38.45070422535211
2025-02-20 17:02:00,51.09375,54.48979591836735
2025-02-20 17:17:00,35.45454545454545,41.806451612903224
2025-02-20 17:32:00,51.570247933884296,57.5
2025-02-20 17:47:00,128.08290155440415,149.3793103448276
2025-02-20 18:02:00,64.32,59.381443298969074
2025-02-20 18:17:00,22.167487684729064,25.185185185185187
2025-02-20 18:32:00,29.23076923076923,32.0
2025-02-20 18:47:00,40.74074074074074,46.779661016949156
2025-02-20 19:02:00,35.625,35.49295774647887
2025-02-20 19:17:00,27.176470588235293,28.905109489051096
2025-02-20 19:32:00,41.63265306122449,30.422535211267604
2025-02-20 19:47:00,33.333333333333336,36.31578947368421
2025-02-20 20:02:00,45.0,25.09090909090909
2025-02-20 20:17:00,40.44444444444444,31.25
2025-02-20 20:32:00,60.76923076923077,52.88135593220339
2025-02-20 20:47:00,87.27272727272727,91.03448275862068
2025-02-20 21:02:00,137.34939759036143,135.0
2025-02-20 21:17:00,29.70873786407767,31.89873417721519
2025-02-20 21:32:00,82.17391304347827,28.0
2025-02-20 21:47:00,123.52941176470588,130.71428571428572
2025-02-20 22:02:00,151.27659574468086,146.15384615384616
2025-02-20 22:17:00,170.0,152.72727272727272
2025-02-20 22:32:00,214.28571428571428,203.57142857142858
2025-02-20 22:47:00,284.2857142857143,288.8888888888889
2025-02-20 23:02:00,351.42857142857144,360.0
2025-02-20 23:17:00,738.0,850.0
2025-02-20 23:32:00,252.0,285.0
2025-02-21 03:17:00,21.818181818181817,22.5
2025-02-21 03:32:00,26.153846153846153,25.0
2025-02-21 03:47:00,24.59016393442623,27.6
2025-02-21 04:02:00,27.56756756756757,26.08695652173913
2025-02-21 04:17:00,19.473684210526315,23.125
2025-02-21 04:32:00,20.689655172413794,22.258064516129032
2025-02-21 04:47:00,20.384615384615383,21.639344262295083
2025-02-21 05:02:00,22.550335570469798,26.181818181818183
2025-02-21 05:17:00,24.574468085106382,28.81578947368421
2025-02-21 05:32:00,34.18181818181818,34.488188976377955
2025-02-21 05:47:00,32.35294117647059,34.285714285714285
2025-02-21 06:02:00,20.54054054054054,22.7027027027027
2025-02-21 06:17:00,23.548387096774192,27.659574468085108
2025-02-21 06:32:00,22.0,22.90909090909091
2025-02-21 06:47:00,37.07865168539326,23.52
2025-02-21 07:02:00,40.5,24.41860465116279
2025-02-21 07:17:00,57.2020725388601,71.68831168831169
2025-02-21 07:32:00,132.85714285714286,115.53191489361703
2025-02-21 07:47:00,93.49693251533742,101.05263157894737
2025-02-21 08:02:00,159.18367346938774,145.94594594594594
2025-02-21 08:17:00,110.05524861878453,102.5
2025-02-21 08:32:00,166.0,149.34782608695653
2025-02-21 08:47:00,163.74193548387098,164.86486486486487
2025-02-21 09:02:00,213.27272727272728,195.18072289156626
2025-02-21 09:17:00,102.4390243902439,90.69767441860465
2025-02-21 09:32:00,122.16216216216216,84.13793103448276
2025-02-21 09:47:00,103.63636363636364,80.97087378640776
2025-02-21 10:02:00,17.95275590551181,18.367346938775512
2025-02-21 10:17:00,89.85074626865672,75.90361445783132
2025-02-21 10:32:00,125.80645161290323,92.44897959183673
2025-02-21 10:47:00,65.31645569620254,26.548672566371682
2025-02-21 11:02:00,22.8,22.105263157894736
2025-02-21 11:17:00,15.532994923857869,23.926380368098158
2025-02-21 11:32:00,25.862068965517242,32.25806451612903
2025-02-21 11:47:00,21.0989010989011,23.043478260869566
2025-02-21 12:02:00,43.29896907216495,47.27272727272727
2025-02-21 12:17:00,23.70731707317073,27.664670658682635
2025-02-21 12:32:00,28.396946564885496,32.57142857142857
2025-02-21 12:47:00,21.132075471698112,21.272727272727273
2025-02-21 13:02:00,23.36283185840708,26.746987951807228
2025-02-21 13:17:00,18.275862068965516,27.23404255319149
2025-02-21 13:32:00,19.81132075471698,25.11627906976744
2025-02-21 13:47:00,26.22222222222222,29.347826086956523
2025-02-21 14:02:00,24.0,29.62962962962963
2025-02-21 14:17:00,34.24528301886792,43.10344827586207
2025-02-21 14:32:00,73.00699300699301,88.17391304347827
2025-02-21 14:47:00,50.3448275862069,58.0
2025-02-21 15:02:00,66.14173228346456,71.1340206185567
2025-02-21 15:17:00,28.5,33.2
2025-02-21 15:32:00,31.020408163265305,40.0
2025-02-21 15:47:00,34.81132075471698,41.276595744680854
2025-02-21 16:02:00,34.960629921259844,34.46808510638298
2025-02-21 16:17:00,35.947136563876654,45.4054054054054
2025-02-21 16:32:00,24.150943396226417,30.483870967741936
2025-02-21 16:47:00,29.70873786407767,36.92307692307692
2025-02-21 17:02:00,22.5531914893617,23.36283185840708
2025-02-21 17:17:00,18.11881188118812,23.850931677018632
2025-02-21 17:32:00,91.67701863354037,94.28571428571429
2025-02-21 17:47:00,97.43801652892562,97.57894736842105
2025-02-21 18:02:00,148.33333333333334,167.10280373831776
2025-02-21 18:17:00,85.71428571428571,86.4
2025-02-21 18:32:00,182.06896551724137,198.72340425531914
2025-02-21 18:47:00,129.51923076923077,145.13513513513513
2025-02-21 19:02:00,179.16666666666666,208.71794871794873
2025-02-21 19:17:00,140.7079646017699,151.57894736842104
2025-02-21 19:32:00,154.28571428571428,169.0909090909091
2025-02-21 19:47:00,180.7361963190184,197.89473684210526
2025-02-21 20:02:00,141.52173913043478,129.23076923076923
2025-02-21 20:17:00,68.0,50.103092783505154
2025-02-21 20:32:00,36.45569620253165,51.0
2025-02-21 20:47:00,42.20338983050848,43.07692307692308
2025-02-21 21:02:00,17.045454545454547,14.794520547945206
2025-02-21 21:17:00,91.30434782608695,86.57142857142857
2025-02-21 21:32:00,196.59574468085106,194.11764705882354
2025-02-21 21:47:00,115.38461538461539,172.17391304347825
2025-02-21 22:02:00,51.111111111111114,18.94736842105263
2025-02-21 22:17:00,57.5,52.94117647058823
2025-02-21 22:32:00,122.5,137.64705882352942
2025-02-21 22:47:00,180.0,315.0
2025-02-21 23:02:00,36.0,12.0
2025-02-21 23:32:00,120.0,160.0
2025-02-21 23:47:00,510.0,1020.0
2025-02-22 03:17:00,60.0,
2025-02-22 03:47:00,30.0,15.0
2025-02-22 04:02:00,10.0,40.0
2025-02-22 04:17:00,36.92307692307692,12.0
2025-02-22 04:32:00,26.666666666666668,24.0
2025-02-22 04:47:00,18.94736842105263,12.0
2025-02-22 05:02:00,17.77777777777778,22.105263157894736
2025-02-22 05:17:00,18.181818181818183,17.77777777777778
2025-02-22 05:32:00,108.75,118.88888888888889
2025-02-22 05:47:00,56.0,87.6923076923077
2025-02-22 06:02:00,15.384615384615385,19.2
2025-02-22 06:17:00,168.6206896551724,190.32258064516128
2025-02-22 06:32:00,115.29411764705883,98.04878048780488
2025-02-22 06:47:00,89.14285714285714,102.53164556962025
2025-02-22 07:02:00,65.76923076923077,49.714285714285715
2025-02-22 07:17:00,75.68181818181819,83.82352941176471
2025-02-22 07:32:00,32.5,39.310344827586206
2025-02-22 07:47:00,57.11538461538461,62.926829268292686
2025-02-22 08:02:00,24.782608695652176,33.529411764705884
2025-02-22 08:17:00,43.51648351648352,55.45454545454545
2025-02-22 08:32:00,31.428571428571427,34.0
2025-02-22 08:47:00,14.651162790697674,16.721311475409838
2025-02-22 09:02:00,18.26086956521739,26.25
2025-02-22 09:17:00,17.333333333333332,20.307692307692307
2025-02-22 09:32:00,21.53846153846154,8.275862068965518
2025-02-22 09:47:00,14.0,14.634146341463415
2025-02-22 10:02:00,17.647058823529413,21.951219512195124
2025-02-22 10:17:00,18.06451612903226,22.258064516129032
2025-02-22 10:32:00,146.53846153846155,150.66666666666666
2025-02-22 10:47:00,67.01298701298701,82.9090909090909
2025-02-22 11:02:00,20.454545454545453,24.375
2025-02-22 11:17:00,23.225806451612904,23.414634146341463
2025-02-22 11:32:00,266.47058823529414,35.0
2025-02-22 11:47:00,17.586206896551722,16.74418604651163
2025-02-22 12:02:00,28.42105263157895,30.0
2025-02-22 12:17:00,26.470588235294116,30.0
2025-02-22 12:32:00,28.571428571428573,15.0
2025-02-22 12:47:00,49.285714285714285,51.42857142857143
2025-02-22 13:02:00,16.097560975609756,20.0
2025-02-22 13:17:00,26.511627906976745,25.161290322580644
2025-02-22 13:32:00,24.285714285714285,18.333333333333332
2025-02-22 13:47:00,20.65573770491803,15.0
2025-02-22 14:02:00,124.86486486486487,122.0
2025-02-22 14:17:00,80.0,102.3529411764706
2025-02-22 14:32:00,131.35135135135135,132.5
2025-02-22 14:47:00,144.7422680412371,159.45205479452054
2025-02-22 15:02:00,23.333333333333332,35.0
2025-02-22 15:17:00,22.040816326530614,23.333333333333332
2025-02-22 15:32:00,21.176470588235293,9.6
2025-02-22 15:47:00,166.10526315789474,210.41095890410958
2025-02-22 16:02:00,167.0,200.45454545454547
2025-02-22 16:17:00,70.48543689320388,89.21052631578948
2025-02-22 16:32:00,199.53488372093022,227.64705882352942
2025-02-22 16:47:00,45.0,47.32394366197183
2025-02-22 17:02:00,42.0,50.76923076923077
2025-02-22 17:17:00,25.90909090909091,30.0
2025-02-22 17:32:00,13.5,20.0
2025-02-22 17:47:00,36.26373626373626,40.0
2025-02-22 18:02:00,18.26086956521739,29.032258064516128
2025-02-22 18:17:00,21.764705882352942,25.714285714285715
2025-02-22 18:32:00,24.444444444444443,28.235294117647058
2025-02-22 18:47:00,12.439024390243903,13.220338983050848
2025-02-22 19:02:00,31.25,30.81081081081081
2025-02-22 19:17:00,33.86138613861386,35.342465753424655
2025-02-22 19:32:00,63.75,67.05882352941177
2025-02-22 19:47:00,10.153846153846153,13.2
2025-02-22 20:02:00,20.0,26.0
2025-02-22 20:17:00,13.636363636363637,15.0
2025-02-22 20:32:00,21.0,25.714285714285715
2025-02-22 20:47:00,12.413793103448276,20.0
2025-02-22 21:02:00,19.285714285714285,28.42105263157895
2025-02-22 21:17:00,18.75,30.0
2025-02-22 21:32:00,13.846153846153847,0.0
2025-02-22 21:47:00,8.571428571428571,
2025-02-22 22:02:00,16.8,16.363636363636363
2025-02-22 22:17:00,28.235294117647058,40.0
2025-02-22 22:32:00,0.0,0.0
2025-02-22 22:47:00,0.0,0.0
2025-02-22 23:02:00,40.0,40.0
2025-02-22 23:17:00,210.0,150.0
2025-02-22 23:32:00,0.0,0.0
2025-02-23 03:17:00,60.0,
2025-02-23 03:47:00,0.0,0.0
2025-02-23 04:02:00,17.142857142857142,20.0
2025-02-23 04:17:00,20.76923076923077,2.857142857142857
2025-02-23 04:32:00,26.666666666666668,20.0
2025-02-23 04:47:00,40.0,30.0
2025-02-23 05:02:00,13.5,13.125
2025-02-23 05:17:00,23.60655737704918,21.333333333333332
2025-02-23 05:32:00,22.5,21.11111111111111
2025-02-23 05:47:00,14.117647058823529,13.548387096774194
2025-02-23 06:02:00,7.594936708860759,6.774193548387097
2025-02-23 06:17:00,36.116504854368934,40.0
2025-02-23 06:32:00,13.043478260869565,20.0
2025-02-23 06:47:00,24.146341463414632,27.692307692307693
2025-02-23 07:02:00,24.146341463414632,18.387096774193548
2025-02-23 07:17:00,70.27027027027027,84.28571428571429
2025-02-23 07:32:00,24.193548387096776,14.444444444444445
2025-02-23 07:47:00,16.633663366336634,21.971830985915492
2025-02-23 08:02:00,21.05263157894737,28.42105263157895
2025-02-23 08:17:00,13.461538461538462,10.909090909090908
2025-02-23 08:32:00,18.545454545454547,16.363636363636363
2025-02-23 08:47:00,20.64516129032258,22.388059701492537
2025-02-23 09:02:00,46.5,52.0
2025-02-23 09:17:00,156.34615384615384,31.62162162162162
2025-02-23 09:32:00,243.8095238095238,564.0
2025-02-23 09:47:00,13.793103448275861,14.754098360655737
2025-02-23 10:02:00,18.157894736842106,24.406779661016948
2025-02-23 10:17:00,211.27659574468086,20.65573770491803
2025-02-23 10:32:00,666.1016949152543,797.5
2025-02-23 10:47:00,14.831460674157304,20.322580645161292
2025-02-23 11:02:00,26.037735849056602,30.81081081081081
2025-02-23 11:17:00,132.52747252747253,25.714285714285715
2025-02-23 11:32:00,320.625,969.0
2025-02-23 11:47:00,16.666666666666668,24.324324324324323
2025-02-23 12:02:00,73.84615384615384,84.82758620689656
2025-02-23 12:17:00,188.88888888888889,6.101694915254237
2025-02-23 12:32:00,910.9090909090909,1333.6363636363637
2025-02-23 12:47:00,20.625,18.367346938775512
2025-02-23 13:02:00,16.0,14.693877551020408
2025-02-23 13:17:00,74.46428571428571,16.179775280898877
2025-02-23 13:32:00,125.45454545454545,255.55555555555554
2025-02-23 13:47:00,25.2,23.225806451612904
2025-02-23 14:02:00,20.76923076923077,17.142857142857142
2025-02-23 14:17:00,122.44897959183673,10.434782608695652
2025-02-23 14:32:00,278.1818181818182,740.0
2025-02-23 14:47:00,35.82089552238806,41.333333333333336
2025-02-23 15:02:00,72.72727272727273,50.8235294117647
2025-02-23 15:17:00,43.392857142857146,19.518072289156628
2025-02-23 15:32:00,42.30769230769231,77.14285714285714
2025-02-23 16:02:00,13.565217391304348,17.92207792207792
2025-02-23 16:17:00,54.26966292134831,13.043478260869565
2025-02-23 16:32:00,159.64285714285714,369.54545454545456
2025-02-23 16:47:00,19.591836734693878,16.901408450704224
2025-02-23 17:02:00,19.285714285714285,19.333333333333332
2025-02-23 17:17:00,14.285714285714286,11.578947368421053
2025-02-23 17:32:00,9.176470588235293,6.956521739130435
2025-02-23 17:47:00,17.93103448275862,19.322033898305083
2025-02-23 18:02:00,23.513513513513512,23.333333333333332
2025-02-23 18:17:00,53.093525179856115,26.53846153846154
2025-02-23 18:32:00,118.82352941176471,203.41463414634146
2025-02-23 18:47:00,33.1578947368421,34.81481481481482
2025-02-23 19:02:00,85.82278481012658,98.36065573770492
2025-02-23 19:17:00,63.18181818181818,67.27272727272727
2025-02-23 19:32:00,60.0,60.69767441860465
2025-02-23 19:47:00,24.65753424657534,27.6
2025-02-23 20:02:00,148.46153846153845,157.5
2025-02-23 20:17:00,64.71910112359551,86.12903225806451
2025-02-23 20:32:00,24.615384615384617,25.217391304347824
2025-02-23 20:47:00,11.48936170212766,10.344827586206897
2025-02-23 21:02:00,13.46938775510204,20.526315789473685
2025-02-23 21:17:00,12.631578947368421,18.0
2025-02-23 21:32:00,128.0,162.35294117647058
2025-02-23 21:47:00,441.8181818181818,711.4285714285714
2025-02-23 22:02:00,262.5,280.64516129032256
2025-02-23 22:17:00,34.73684210526316,37.5
2025-02-23 22:32:00,17.142857142857142,36.0
2025-02-23 22:47:00,0.0,
2025-02-23 23:02:00,40.0,0.0
2025-02-24 03:47:00,391.875,401.37931034482756
2025-02-24 04:02:00,20.0,0.0
2025-02-24 04:17:00,22.0,34.61538461538461
2025-02-24 04:32:00,9.72972972972973,6.923076923076923
2025-02-24 04:47:00,363.0769230769231,410.0
2025-02-24 05:02:00,12.631578947368421,17.142857142857142
2025-02-24 05:17:00,186.5625,187.05882352941177
2025-02-24 05:32:00,281.05263157894734,291.06382978723406
2025-02-24 05:47:00,51.29032258064516,11.020408163265307
2025-02-24 06:02:00,15.211267605633802,17.28813559322034
2025-02-24 06:17:00,22.8,33.1578947368421
2025-02-24 06:32:00,16.285714285714285,12.0
2025-02-24 06:47:00,21.038961038961038,19.672131147540984
2025-02-24 07:02:00,21.904761904761905,21.818181818181817
2025-02-24 07:17:00,20.0,24.137931034482758
2025-02-24 07:32:00,99.23076923076923,98.4375
2025-02-24 07:47:00,123.38028169014085,146.03773584905662
2025-02-24 08:02:00,107.36842105263158,96.0
2025-02-24 08:17:00,33.91304347826087,38.734177215189874
2025-02-24 08:32:00,43.1578947368421,33.48837209302326
2025-02-24 08:47:00,31.428571428571427,38.0
2025-02-24 09:02:00,69.1304347826087,81.17647058823529
2025-02-24 09:17:00,56.326530612244895,57.75
2025-02-24 09:32:00,45.97402597402598,35.40983606557377
2025-02-24 09:47:00,157.89473684210526,144.54545454545453
2025-02-24 10:02:00,71.80327868852459,44.15094339622642
2025-02-24 10:17:00,37.05882352941177,16.470588235294116
2025-02-24 10:32:00,25.714285714285715,36.0
2025-02-24 10:47:00,22.105263157894736,20.0
2025-02-24 11:02:00,20.0,21.818181818181817
2025-02-24 11:17:00,9.767441860465116,19.41176470588235
2025-02-24 11:32:00,25.714285714285715,31.428571428571427
2025-02-24 11:47:00,18.0,24.0
2025-02-24 12:02:00,15.882352941176471,8.275862068965518
2025-02-24 12:17:00,18.181818181818183,39.130434782608695
2025-02-24 12:32:00,30.0,32.72727272727273
2025-02-24 12:47:00,18.0,21.428571428571427
2025-02-24 13:02:00,19.565217391304348,24.0
2025-02-24 13:17:00,12.439024390243903,18.26086956521739
2025-02-24 13:32:00,7.2,3.0
2025-02-24 13:47:00,25.0,20.0
2025-02-24 14:02:00,10.833333333333334,12.203389830508474
2025-02-24 14:17:00,18.157894736842106,21.724137931034484
2025-02-24 14:32:00,32.54237288135593,26.53846153846154
2025-02-24 14:47:00,24.324324324324323,32.5
2025-02-24 15:02:00,16.901408450704224,12.0
2025-02-24 15:17:00,30.0,30.6
2025-02-24 15:32:00,28.235294117647058,25.714285714285715
2025-02-24 15:47:00,35.07692307692308,35.744680851063826
2025-02-24 16:02:00,49.6551724137931,36.52173913043478
2025-02-24 16:17:00,189.06976744186048,216.36363636363637
2025-02-24 16:32:00,428.72727272727275,485.8536585365854
2025-02-24 16:47:00,237.5,243.33333333333334
2025-02-24 17:02:00,110.12658227848101,97.61194029850746
2025-02-24 17:17:00,74.0,67.05882352941177
2025-02-24 17:32:00,106.36363636363636,75.0
2025-02-24 17:47:00,235.13513513513513,318.0
2025-02-24 18:02:00,101.69491525423729,107.5
2025-02-24 18:17:00,207.56756756756758,240.0
2025-02-24 18:32:00,100.40816326530613,111.66666666666667
2025-02-24 18:47:00,109.23076923076923,115.38461538461539
2025-02-24 19:02:00,56.57142857142857,64.61538461538461
2025-02-24 19:17:00,84.44444444444444,84.32432432432432
2025-02-24 19:32:00,69.23076923076923,115.71428571428571
2025-02-24 19:47:00,55.55555555555556,67.05882352941177
2025-02-24 20:02:00,30.0,16.363636363636363
2025-02-24 20:17:00,16.956521739130434,9.72972972972973
2025-02-24 20:32:00,18.94736842105263,23.076923076923077
2025-02-24 20:47:00,24.0,20.0
2025-02-24 21:02:00,20.0,60.0
2025-02-24 21:17:00,21.428571428571427,30.0
2025-02-24 21:32:00,27.272727272727273,45.0
2025-02-24 21:47:00,30.0,20.0
2025-02-24 22:02:00,30.0,0.0
2025-02-24 22:17:00,0.0,
2025-02-24 22:32:00,0.0,
2025-02-24 22:47:00,30.0,60.0
2025-02-25 03:32:00,0.0,
2025-02-25 03:47:00,33.333333333333336,36.27906976744186
2025-02-25 04:02:00,42.857142857142854,34.285714285714285
2025-02-25 04:17:00,22.857142857142858,22.7027027027027
2025-02-25 04:32:00,8.88888888888889,10.666666666666666
2025-02-25 04:47:00,18.13953488372093,16.363636363636363
2025-02-25 05:02:00,18.94736842105263,25.384615384615383
2025-02-25 05:17:00,14.782608695652174,20.727272727272727
2025-02-25 05:32:00,59.03225806451613,62.30769230769231
2025-02-25 05:47:00,66.7605633802817,68.27586206896552
2025-02-25 06:02:00,21.686746987951807,26.197183098591548
2025-02-25 06:17:00,49.89473684210526,59.25
2025-02-25 06:32:00,108.0,124.61538461538461
2025-02-25 06:47:00,49.09090909090909,61.81818181818182
2025-02-25 07:02:00,190.1123595505618,187.7922077922078
2025-02-25 07:17:00,419.2682926829268,522.5806451612904
2025-02-25 07:32:00,288.35820895522386,291.42857142857144
2025-02-25 07:47:00,366.46153846153845,441.3333333333333
2025-02-25 08:02:00,460.5,614.4827586206897
2025-02-25 08:17:00,50.0,70.2
2025-02-25 08:32:00,137.5609756097561,161.3793103448276
2025-02-25 08:47:00,29.23076923076923,20.952380952380953
2025-02-25 09:02:00,87.3913043478261,90.9090909090909
2025-02-25 09:17:00,72.85714285714286,45.0
2025-02-25 09:32:00,57.81818181818182,55.26315789473684
2025-02-25 09:47:00,27.391304347826086,18.75
2025-02-25 10:02:00,71.0204081632653,36.58536585365854
2025-02-25 10:17:00,44.0,16.74418604651163
2025-02-25 10:32:00,20.0,30.0
2025-02-25 10:47:00,22.941176470588236,24.545454545454547
2025-02-25 11:02:00,25.90909090909091,31.666666666666668
2025-02-25 11:17:00,76.36363636363636,90.0
2025-02-25 11:32:00,34.285714285714285,25.714285714285715
2025-02-25 11:47:00,25.5,26.896551724137932
2025-02-25 12:02:00,70.58823529411765,70.0
2025-02-25 12:17:00,34.73684210526316,47.142857142857146
2025-02-25 12:32:00,30.697674418604652,10.285714285714286
2025-02-25 12:47:00,46.666666666666664,18.0
2025-02-25 13:02:00,54.0,43.333333333333336
2025-02-25 13:17:00,24.705882352941178,30.0
2025-02-25 13:32:00,79.5,87.27272727272727
2025-02-25 13:47:00,26.4,18.94736842105263
2025-02-25 14:02:00,32.0,36.734693877551024
2025-02-25 14:17:00,18.71559633027523,23.59550561797753
2025-02-25 14:32:00,31.363636363636363,41.81818181818182
2025-02-25 14:47:00,43.90243902439025,51.14754098360656
2025-02-25 15:02:00,116.66666666666667,136.55172413793105
2025-02-25 15:17:00,72.67605633802818,81.05263157894737
2025-02-25 15:32:00,118.18181818181819,121.13207547169812
2025-02-25 15:47:00,125.76923076923077,136.21621621621622
2025-02-25 16:02:00,166.95652173913044,154.73684210526315
2025-02-25 16:17:00,71.4,80.27027027027027
2025-02-25 16:32:00,75.48387096774194,70.2127659574468
2025-02-25 16:47:00,12.0,8.4
2025-02-25 17:02:00,21.176470588235293,24.545454545454547
2025-02-25 17:17:00,28.163265306122447,28.0
2025-02-25 17:32:00,18.75,20.869565217391305
2025-02-25 17:47:00,51.6,66.20689655172414
2025-02-25 18:02:00,26.511627906976745,31.57894736842105
2025-02-25 18:17:00,30.0,26.181818181818183
2025-02-25 18:32:00,26.4,24.0
2025-02-25 18:47:00,22.105263157894736,24.444444444444443
2025-02-25 19:02:00,53.84615384615385,66.20689655172414
2025-02-25 19:17:00,43.80952380952381,52.17391304347826
2025-02-25 19:32:00,7.5,17.142857142857142
2025-02-25 19:47:00,50.0,140.0
2025-02-25 20:02:00,15.0,22.5
2025-02-25 20:17:00,16.5,17.142857142857142
2025-02-25 20:32:00,9.473684210526315,10.0
2025-02-25 20:47:00,24.0,10.909090909090908
2025-02-25 21:02:00,51.42857142857143,45.0
2025-02-25 21:17:00,20.0,16.363636363636363
2025-02-25 21:32:00,0.0,
2025-02-25 21:47:00,60.0,
2025-02-25 22:02:00,48.0,12.0
2025-02-26 03:32:00,12.857142857142858,30.0
2025-02-26 03:47:00,21.428571428571427,20.0
2025-02-26 04:17:00,18.545454545454547,23.47826086956522
2025-02-26 04:32:00,116.47058823529412,140.45454545454547
2025-02-26 04:47:00,27.857142857142858,26.511627906976745
2025-02-26 05:02:00,52.0,66.4
2025-02-26 05:17:00,18.0,25.609756097560975
2025-02-26 05:32:00,23.333333333333332,24.615384615384617
2025-02-26 05:47:00,25.063291139240505,19.047619047619047
2025-02-26 06:02:00,25.263157894736842,24.193548387096776
2025-02-26 06:17:00,19.78021978021978,27.428571428571427
2025-02-26 06:32:00,343.44827586206895,401.1940298507463
2025-02-26 06:47:00,57.34513274336283,55.22727272727273
2025-02-26 07:02:00,66.25,47.08860759493671
2025-02-26 07:17:00,38.0,45.95744680851064
2025-02-26 07:32:00,22.153846153846153,23.26530612244898
2025-02-26 07:47:00,34.09090909090909,44.26229508196721
2025-02-26 08:02:00,50.149253731343286,39.6
2025-02-26 08:17:00,78.9795918367347,108.33333333333333
2025-02-26 08:32:00,30.0,37.89473684210526
2025-02-26 08:47:00,27.61904761904762,23.75
2025-02-26 09:02:00,21.818181818181817,18.367346938775512
2025-02-26 09:17:00,33.94736842105263,40.36363636363637
2025-02-26 09:32:00,229.31506849315068,275.7894736842105
2025-02-26 09:47:00,167.3684210526316,235.5
2025-02-26 10:02:00,129.31034482758622,121.2
2025-02-26 10:17:00,40.645161290322584,46.829268292682926
2025-02-26 10:32:00,53.333333333333336,54.666666666666664
2025-02-26 10:47:00,40.46511627906977,47.58620689655172
2025-02-26 11:02:00,61.15384615384615,55.90909090909091
2025-02-26 11:17:00,52.68292682926829,68.0
2025-02-26 11:32:00,46.875,42.5
2025-02-26 11:47:00,31.666666666666668,37.142857142857146
2025-02-26 12:02:00,25.5,15.882352941176471
2025-02-26 12:17:00,24.25531914893617,33.333333333333336
2025-02-26 12:32:00,20.425531914893618,25.263157894736842
2025-02-26 12:47:00,22.941176470588236,21.818181818181817
2025-02-26 13:02:00,15.348837209302326,22.941176470588236
2025-02-26 13:17:00,16.19047619047619,25.53191489361702
2025-02-26 13:32:00,14.634146341463415,27.096774193548388
2025-02-26 13:47:00,38.26086956521739,31.69811320754717
2025-02-26 14:02:00,30.714285714285715,28.181818181818183
2025-02-26 14:17:00,28.141592920353983,33.70786516853933
2025-02-26 14:32:00,24.82758620689655,26.4
2025-02-26 14:47:00,16.285714285714285,25.0
2025-02-26 15:02:00,23.513513513513512,25.862068965517242
2025-02-26 15:17:00,15.36,22.5
2025-02-26 15:32:00,43.366336633663366,42.96296296296296
2025-02-26 15:47:00,22.857142857142858,23.076923076923077
2025-02-26 16:02:00,26.493506493506494,20.952380952380953
2025-02-26 16:17:00,26.31578947368421,33.793103448275865
2025-02-26 16:32:00,22.325581395348838,20.597014925373134
2025-02-26 16:47:00,47.58620689655172,58.032786885245905
2025-02-26 17:02:00,15.616438356164384,21.11111111111111
2025-02-26 17:17:00,16.082474226804123,22.285714285714285
2025-02-26 17:32:00,19.35483870967742,18.367346938775512
2025-02-26 17:47:00,25.58823529411765,34.666666666666664
2025-02-26 18:02:00,18.666666666666668,15.882352941176471
2025-02-26 18:17:00,102.72727272727273,105.98130841121495
2025-02-26 18:32:00,153.94736842105263,145.42372881355934
2025-02-26 18:47:00,250.18867924528303,265.7142857142857
2025-02-26 19:02:00,54.08450704225352,33.06122448979592
2025-02-26 19:17:00,114.68354430379746,99.23076923076923
2025-02-26 19:32:00,189.375,218.8235294117647
2025-02-26 19:47:00,20.48780487804878,4.615384615384615
2025-02-26 20:02:00,22.105263157894736,21.818181818181817
2025-02-26 20:17:00,16.551724137931036,25.263157894736842
2025-02-26 20:32:00,43.5,47.58620689655172
2025-02-26 20:47:00,35.0,30.0
2025-02-26 21:02:00,0.0,0.0
2025-02-26 21:17:00,18.46153846153846,17.142857142857142
2025-02-26 21:32:00,0.0,
2025-02-26 21:47:00,40.0,30.0
2025-02-26 22:02:00,30.0,15.0
2025-02-26 22:17:00,20.0,0.0
2025-02-27 03:32:00,0.0,
2025-02-27 03:47:00,21.428571428571427,25.0
2025-02-27 04:02:00,28.42105263157895,22.5
2025-02-27 04:17:00,21.923076923076923,24.545454545454547
2025-02-27 04:32:00,21.0,19.41176470588235
2025-02-27 04:47:00,74.73684210526316,90.0
2025-02-27 05:02:00,19.2,23.225806451612904
2025-02-27 05:17:00,15.0,24.615384615384617
2025-02-27 05:32:00,121.44578313253012,127.71428571428571
2025-02-27 05:47:00,51.2,53.898305084745765
2025-02-27 06:02:00,39.183673469387756,25.454545454545453
2025-02-27 06:17:00,24.146341463414632,27.1875
2025-02-27 06:32:00,40.90909090909091,50.18181818181818
2025-02-27 06:47:00,24.9438202247191,24.166666666666668
2025-02-27 07:02:00,58.48101265822785,67.16417910447761
2025-02-27 07:17:00,15.789473684210526,28.928571428571427
2025-02-27 07:32:00,40.645161290322584,54.0
2025-02-27 07:47:00,43.25581395348837,62.06896551724138
2025-02-27 08:02:00,25.09090909090909,19.024390243902438
2025-02-27 08:17:00,31.08433734939759,31.93548387096774
2025-02-27 08:32:00,22.258064516129032,20.0
2025-02-27 08:47:00,41.63265306122449,25.454545454545453
2025-02-27 09:02:00,37.09090909090909,22.105263157894736
2025-02-27 09:17:00,26.511627906976745,28.695652173913043
2025-02-27 09:32:00,20.4,24.0
2025-02-27 09:47:00,30.4,32.0
2025-02-27 10:02:00,23.157894736842106,17.142857142857142
2025-02-27 10:17:00,30.75,33.559322033898304
2025-02-27 10:32:00,40.3125,40.38461538461539
2025-02-27 10:47:00,11.688311688311689,6.5625
2025-02-27 11:02:00,24.0,20.0
2025-02-27 11:17:00,15.384615384615385,29.032258064516128
2025-02-27 11:32:00,35.0,43.44827586206897
2025-02-27 11:47:00,12.631578947368421,13.043478260869565
2025-02-27 12:02:00,30.0,31.875
2025-02-27 12:17:00,43.04347826086956,48.0
2025-02-27 12:32:00,50.357142857142854,42.5
2025-02-27 12:47:00,27.096774193548388,24.705882352941178
2025-02-27 13:02:00,37.02127659574468,36.666666666666664
2025-02-27 13:17:00,43.54838709677419,52.6530612244898
2025-02-27 13:32:00,20.930232558139537,26.25
2025-02-27 13:47:00,21.818181818181817,23.26530612244898
2025-02-27 14:02:00,20.689655172413794,25.714285714285715
2025-02-27 14:17:00,17.53846153846154,22.5
2025-02-27 14:32:00,21.724137931034484,25.714285714285715
2025-02-27 14:47:00,23.333333333333332,28.695652173913043
2025-02-27 15:02:00,62.0,66.66666666666667
2025-02-27 15:17:00,37.63636363636363,35.0
2025-02-27 15:32:00,28.06451612903226,31.836734693877553
2025-02-27 15:47:00,31.304347826086957,30.697674418604652
2025-02-27 16:02:00,34.52054794520548,30.0
2025-02-27 16:17:00,23.119266055045873,23.544303797468356
2025-02-27 16:32:00,26.666666666666668,30.0
2025-02-27 16:47:00,120.69767441860465,131.6417910447761
2025-02-27 17:02:00,93.42857142857143,89.45454545454545
2025-02-27 17:17:00,123.52941176470588,134.6153846153846
2025-02-27 17:32:00,28.5,22.75862068965517
2025-02-27 17:47:00,21.428571428571427,24.0
2025-02-27 18:02:00,30.967741935483872,28.75
2025-02-27 18:17:00,19.79381443298969,24.935064935064936
2025-02-27 18:32:00,27.272727272727273,28.333333333333332
2025-02-27 18:47:00,26.511627906976745,25.161290322580644
2025-02-27 19:02:00,24.0,21.428571428571427
2025-02-27 19:17:00,22.0,29.302325581395348
2025-02-27 19:32:00,37.5,12.857142857142858
2025-02-27 19:47:00,36.52173913043478,20.0
2025-02-27 20:02:00,18.75,24.0
2025-02-27 20:17:00,15.0,27.272727272727273
2025-02-27 20:32:00,27.272727272727273,12.0
2025-02-27 20:47:00,11.428571428571429,6.666666666666667
2025-02-27 21:02:00,12.0,
2025-02-27 21:17:00,20.0,36.0
2025-02-27 21:32:00,36.0,40.0
2025-02-27 21:47:00,60.0,
2025-02-27 22:02:00,30.0,20.0
2025-02-27 22:17:00,0.0,
2025-02-27 22:47:00,30.0,60.0
2025-02-28 03:32:00,30.0,22.5
2025-02-28 03:47:00,20.0,24.0
2025-02-28 04:02:00,26.666666666666668,20.0
2025-02-28 04:17:00,20.425531914893618,26.153846153846153
2025-02-28 04:32:00,16.363636363636363,17.5
2025-02-28 04:47:00,18.620689655172413,23.181818181818183
2025-02-28 05:02:00,18.795180722891565,20.0
2025-02-28 05:17:00,32.17391304347826,46.25
2025-02-28 05:32:00,36.8421052631579,61.46341463414634
2025-02-28 05:47:00,19.714285714285715,21.25
2025-02-28 06:02:00,19.2,18.181818181818183
2025-02-28 06:17:00,32.78350515463917,45.63380281690141
2025-02-28 06:32:00,31.384615384615383,30.0
2025-02-28 06:47:00,63.05084745762712,68.27586206896552
2025-02-28 07:02:00,18.620689655172413,21.12676056338028
2025-02-28 07:17:00,17.142857142857142,25.3125
2025-02-28 07:32:00,15.211267605633802,24.444444444444443
2025-02-28 07:47:00,93.33333333333333,135.71428571428572
2025-02-28 08:02:00,177.5257731958763,208.42105263157896
2025-02-28 08:17:00,45.58139534883721,36.0
2025-02-28 08:32:00,141.36986301369862,165.0
2025-02-28 08:47:00,62.76923076923077,67.5
2025-02-28 09:02:00,71.07692307692308,48.292682926829265
2025-02-28 09:17:00,45.0,45.0
2025-02-28 09:32:00,157.89473684210526,197.3684210526316
2025-02-28 09:47:00,111.76470588235294,126.0
2025-02-28 10:02:00,66.52173913043478,78.85714285714286
2025-02-28 10:17:00,21.038961038961038,18.545454545454547
2025-02-28 10:32:00,370.7692307692308,432.0
2025-02-28 10:47:00,39.473684210526315,49.09090909090909
2025-02-28 11:02:00,273.5593220338983,317.14285714285717
2025-02-28 11:17:00,30.545454545454547,34.09090909090909
2025-02-28 11:32:00,32.72727272727273,22.857142857142858
2025-02-28 11:47:00,44.44444444444444,56.0
2025-02-28 12:02:00,26.08695652173913,36.0
2025-02-28 12:17:00,26.666666666666668,24.878048780487806
2025-02-28 12:32:00,17.5609756097561,22.941176470588236
2025-02-28 12:47:00,13.043478260869565,15.0
2025-02-28 13:02:00,14.736842105263158,16.74418604651163
2025-02-28 13:17:00,27.272727272727273,27.142857142857142
2025-02-28 13:32:00,14.0,21.0
2025-02-28 13:47:00,23.389830508474578,21.818181818181817
2025-02-28 14:02:00,20.90909090909091,23.529411764705884
2025-02-28 14:17:00,19.83050847457627,22.580645161290324
2025-02-28 14:32:00,25.263157894736842,24.0
2025-02-28 14:47:00,29.0625,42.0
2025-02-28 15:02:00,43.225806451612904,49.166666666666664
2025-02-28 15:17:00,32.58620689655172,38.93617021276596
2025-02-28 15:32:00,31.058823529411764,32.57142857142857
2025-02-28 15:47:00,148.5,199.28571428571428
2025-02-28 16:02:00,161.53846153846155,187.86885245901638
2025-02-28 16:17:00,33.559322033898304,42.391304347826086
2025-02-28 16:32:00,103.57894736842105,107.6923076923077
2025-02-28 16:47:00,164.51612903225808,238.33333333333334
2025-02-28 17:02:00,34.883720930232556,39.09090909090909
2025-02-28 17:17:00,38.91891891891892,36.0
2025-02-28 17:32:00,36.81818181818182,20.0
2025-02-28 17:47:00,55.08196721311475,61.53846153846154
2025-02-28 18:02:00,33.559322033898304,30.0
2025-02-28 18:17:00,17.692307692307693,26.31578947368421
2025-02-28 18:32:00,13.846153846153847,20.76923076923077
2025-02-28 18:47:00,7.5,6.0
2025-02-28 19:02:00,24.285714285714285,23.571428571428573
2025-02-28 19:17:00,18.70967741935484,17.83783783783784
2025-02-28 19:32:00,10.0,13.333333333333334
2025-02-28 19:47:00,9.333333333333334,4.137931034482759
2025-02-28 20:02:00,108.0,169.0909090909091
2025-02-28 20:17:00,16.875,26.08695652173913
2025-02-28 20:32:00,72.0,108.0
2025-02-28 20:47:00,21.818181818181817,20.0
2025-02-28 21:02:00,2.142857142857143,3.0
2025-02-28 21:17:00,0.0,0.0
2025-02-28 21:32:00,0.0,
2025-02-28 21:47:00,930.0,
2025-02-28 22:02:00,30.0,15.0
2025-02-28 22:17:00,20.0,0.0
2025-02-28 22:32:00,0.0,
2025-02-28 23:17:00,0.0,0.0
2025-03-01 03:47:00,13.333333333333334,0.0
2025-03-01 04:17:00,30.0,15.0
2025-03-01 04:32:00,,0.0
2025-03-01 04:47:00,6.666666666666667,0.0
2025-03-01 05:02:00,26.666666666666668,22.105263157894736
2025-03-01 05:17:00,23.333333333333332,28.96551724137931
2025-03-01 05:32:00,26.896551724137932,16.363636363636363
2025-03-01 05:47:00,132.0,243.33333333333334
2025-03-01 06:02:00,19.285714285714285,15.0
2025-03-01 06:17:00,54.285714285714285,40.0
2025-03-01 06:32:00,60.0,82.5
2025-03-01 06:47:00,38.18181818181818,30.0
2025-03-01 07:02:00,21.53846153846154,21.6
2025-03-01 07:17:00,25.227272727272727,17.027027027027028
2025-03-01 07:32:00,60.0,15.0
2025-03-01 07:47:00,125.45454545454545,115.2
2025-03-01 08:02:00,84.8780487804878,26.666666666666668
2025-03-01 08:17:00,74.07407407407408,83.63636363636364
2025-03-01 08:32:00,94.0909090909091,114.85714285714286
2025-03-01 08:47:00,86.86567164179104,107.23404255319149
2025-03-01 09:02:00,78.85714285714286,76.36363636363636
2025-03-01 09:17:00,22.816901408450704,16.9811320754717
2025-03-01 09:32:00,61.875,55.0
2025-03-01 09:47:00,16.363636363636363,11.11111111111111
2025-03-01 10:02:00,21.951219512195124,28.96551724137931
2025-03-01 10:17:00,13.432835820895523,20.76923076923077
2025-03-01 10:32:00,15.652173913043478,9.23076923076923
2025-03-01 10:47:00,93.19148936170212,130.0
2025-03-01 11:02:00,16.875,34.285714285714285
2025-03-01 11:17:00,20.571428571428573,18.545454545454547
2025-03-01 11:32:00,74.63414634146342,73.54838709677419
2025-03-01 11:47:00,94.88372093023256,82.22222222222223
2025-03-01 12:02:00,41.53846153846154,46.0
2025-03-01 12:17:00,238.125,16.595744680851062
2025-03-01 12:32:00,668.1818181818181,25.0
2025-03-01 12:47:00,60.0,52.5
2025-03-01 13:02:00,595.5223880597015,449.4339622641509
2025-03-01 13:17:00,280.3636363636364,304.7368421052632
2025-03-01 13:32:00,357.14285714285717,405.51724137931035
2025-03-01 13:47:00,429.7674418604651,527.5862068965517
2025-03-01 14:02:00,444.0,83.63636363636364
2025-03-01 14:17:00,70.64516129032258,19.53488372093023
2025-03-01 14:32:00,62.22222222222222,26.666666666666668
2025-03-01 14:47:00,130.66666666666666,174.19354838709677
2025-03-01 15:02:00,23.72093023255814,45.0
2025-03-01 15:17:00,19.35483870967742,22.97872340425532
2025-03-01 15:32:00,9151.91489361702,12270.857142857143
2025-03-01 15:47:00,182.26415094339623,212.43243243243242
2025-03-01 16:02:00,90.73170731707317,114.70588235294117
2025-03-01 16:17:00,59.294117647058826,36.5625
2025-03-01 16:32:00,42.857142857142854,39.23076923076923
2025-03-01 16:47:00,27.804878048780488,39.23076923076923
2025-03-01 17:02:00,19.45945945945946,27.692307692307693
2025-03-01 17:17:00,19.655172413793103,20.48780487804878
2025-03-01 17:32:00,22.0,20.0
2025-03-01 17:47:00,14.482758620689655,20.0
2025-03-01 18:02:00,10.434782608695652,26.666666666666668
2025-03-01 18:17:00,20.0,19.41176470588235
2025-03-01 18:32:00,85.26315789473684,81.42857142857143
2025-03-01 18:47:00,18.333333333333332,21.818181818181817
2025-03-01 19:02:00,23.68421052631579,27.857142857142858
2025-03-01 19:17:00,29.589041095890412,32.94117647058823
2025-03-01 19:32:00,63.75,50.0
2025-03-01 19:47:00,128.8235294117647,135.78947368421052
2025-03-01 20:02:00,90.0,66.42857142857143
2025-03-01 20:17:00,67.9245283018868,68.57142857142857
2025-03-01 20:32:00,204.0,278.1818181818182
2025-03-01 20:47:00,98.4,138.46153846153845
2025-03-01 21:02:00,17.647058823529413,32.72727272727273
2025-03-01 21:17:00,26.842105263157894,25.384615384615383
2025-03-01 21:32:00,0.0,0.0
2025-03-01 21:47:00,12.0,30.0
2025-03-01 22:02:00,76.66666666666667,32.30769230769231
2025-03-01 22:17:00,9.23076923076923,0.0
2025-03-01 22:32:00,0.0,0.0
2025-03-01 22:47:00,0.0,
2025-03-01 23:02:00,30.0,
2025-03-02 03:47:00,40.0,0.0
2025-03-02 04:02:00,24.0,25.714285714285715
2025-03-02 04:17:00,21.0,10.588235294117647
2025-03-02 04:32:00,30.0,12.0
2025-03-02 04:47:00,22.5,20.0
2025-03-02 05:02:00,12.631578947368421,13.333333333333334
2025-03-02 05:17:00,15.529411764705882,23.142857142857142
2025-03-02 05:32:00,23.529411764705884,20.0
2025-03-02 05:47:00,51.42857142857143,76.5
2025-03-02 06:02:00,25.5,40.0
2025-03-02 06:17:00,30.32967032967033,34.78260869565217
2025-03-02 06:32:00,48.888888888888886,52.5
2025-03-02 06:47:00,19.518072289156628,18.545454545454547
2025-03-02 07:02:00,21.724137931034484,29.23076923076923
2025-03-02 07:17:00,12.605042016806722,19.78723404255319
2025-03-02 07:32:00,30.0,20.0
2025-03-02 07:47:00,52.58426966292135,66.7741935483871
2025-03-02 08:02:00,35.833333333333336,40.36363636363637
2025-03-02 08:17:00,22.941176470588236,30.37037037037037
2025-03-02 08:32:00,75.51724137931035,94.66666666666667
2025-03-02 08:47:00,23.132530120481928,34.13793103448276
2025-03-02 09:02:00,44.72727272727273,45.4054054054054
2025-03-02 09:17:00,46.601941747572816,45.18518518518518
2025-03-02 09:32:00,57.69230769230769,39.0
2025-03-02 09:47:00,17.894736842105264,20.0
2025-03-02 10:02:00,64.16666666666667,68.72727272727273
2025-03-02 10:17:00,15.903614457831326,21.29032258064516
2025-03-02 10:32:00,72.0,72.0
2025-03-02 10:47:00,21.176470588235293,23.181818181818183
2025-03-02 11:02:00,45.6,61.81818181818182
2025-03-02 11:17:00,15.238095238095237,17.647058823529413
2025-03-02 11:32:00,154.73684210526315,160.9090909090909
2025-03-02 11:47:00,253.75,432.41379310344826
2025-03-02 12:02:00,144.0,147.05882352941177
2025-03-02 12:17:00,18.545454545454547,18.857142857142858
2025-03-02 12:32:00,15.652173913043478,20.0
2025-03-02 12:47:00,98.36065573770492,85.71428571428571
2025-03-02 13:02:00,84.8780487804878,112.25806451612904
2025-03-02 13:17:00,17.5,18.333333333333332
2025-03-02 13:32:00,41.333333333333336,32.903225806451616
2025-03-02 13:47:00,16.842105263157894,19.5
2025-03-02 14:02:00,7.605633802816901,9.836065573770492
2025-03-02 14:17:00,167.08860759493672,203.0
2025-03-02 14:32:00,259.5652173913044,314.11764705882354
2025-03-02 14:47:00,185.71428571428572,234.28571428571428
2025-03-02 15:02:00,103.44827586206897,118.57142857142857
2025-03-02 15:17:00,39.056603773584904,26.428571428571427
2025-03-02 15:32:00,62.72727272727273,109.65517241379311
2025-03-02 15:47:00,8118.082191780822,9957.64705882353
2025-03-02 16:02:00,39.375,43.75
2025-03-02 16:17:00,36.49484536082474,45.21739130434783
2025-03-02 16:32:00,46.04651162790697,37.5
2025-03-02 16:47:00,12.75,22.90909090909091
2025-03-02 17:02:00,21.35593220338983,25.714285714285715
2025-03-02 17:17:00,18.782608695652176,15.0
2025-03-02 17:32:00,18.13953488372093,12.857142857142858
2025-03-02 17:47:00,26.440677966101696,33.1578947368421
2025-03-02 18:02:00,15.223880597014926,20.869565217391305
2025-03-02 18:17:00,13.59375,17.647058823529413
2025-03-02 18:32:00,147.05882352941177,155.2941176470588
2025-03-02 18:47:00,36.8,48.0
2025-03-02 19:02:00,112.75862068965517,139.02439024390245
2025-03-02 19:17:00,86.89655172413794,111.14754098360656
2025-03-02 19:32:00,53.225806451612904,49.56521739130435
2025-03-02 19:47:00,77.58620689655173,77.14285714285714
2025-03-02 20:02:00,93.0,95.21739130434783
2025-03-02 20:17:00,46.265060240963855,48.57142857142857
2025-03-02 20:32:00,54.0,48.0
2025-03-02 20:47:00,20.48780487804878,17.142857142857142
2025-03-02 21:02:00,9.642857142857142,11.25
2025-03-02 21:17:00,20.0,16.8
2025-03-02 21:32:00,31.57894736842105,23.076923076923077
2025-03-02 21:47:00,6.0,20.0
2025-03-02 22:02:00,31.57894736842105,15.0
2025-03-02 22:17:00,12.0,10.0
2025-03-02 22:47:00,9.23076923076923,7.5
2025-03-02 23:02:00,22.5,0.0
2025-03-02 23:17:00,0.0,0.0
2025-03-02 23:32:00,0.0,0.0
2025-03-03 03:17:00,21.818181818181817,15.0
2025-03-03 03:32:00,19.35483870967742,27.692307692307693
2025-03-03 03:47:00,18.94736842105263,26.511627906976745
2025-03-03 04:02:00,25.945945945945947,18.46153846153846
2025-03-03 04:17:00,19.523809523809526,22.352941176470587
2025-03-03 04:32:00,20.470588235294116,19.655172413793103
2025-03-03 04:47:00,33.149171270718234,35.83892617449664
2025-03-03 05:02:00,30.596026490066226,35.32710280373832
2025-03-03 05:17:00,40.390243902439025,39.62264150943396
2025-03-03 05:32:00,78.0,83.49397590361446
2025-03-03 05:47:00,28.11715481171548,30.476190476190474
2025-03-03 06:02:00,38.6013986013986,30.612244897959183
2025-03-03 06:17:00,65.72614107883817,71.8716577540107
2025-03-03 06:32:00,138.4126984126984,158.48275862068965
2025-03-03 06:47:00,68.03571428571429,72.85714285714286
2025-03-03 07:02:00,109.6,113.57142857142857
2025-03-03 07:17:00,54.74654377880184,65.74850299401197
2025-03-03 07:32:00,278.35051546391753,327.4390243902439
2025-03-03 07:47:00,42.944162436548226,54.90196078431372
2025-03-03 08:02:00,122.05128205128206,141.3793103448276
2025-03-03 08:17:00,31.864406779661017,36.888888888888886
2025-03-03 08:32:00,26.666666666666668,25.641025641025642
2025-03-03 08:47:00,35.15923566878981,42.47787610619469
2025-03-03 09:02:00,27.45762711864407,22.666666666666668
2025-03-03 09:17:00,58.03738317757009,68.18181818181819
2025-03-03 09:32:00,30.0,33.333333333333336
2025-03-03 09:47:00,20.0,22.22222222222222
2025-03-03 10:02:00,22.62295081967213,24.0
2025-03-03 10:17:00,25.423728813559322,29.37062937062937
2025-03-03 10:32:00,36.69421487603306,25.97938144329897
2025-03-03 10:47:00,34.48275862068966,35.55555555555556
2025-03-03 11:02:00,94.14634146341463,98.9010989010989
2025-03-03 11:17:00,19.076923076923077,21.153846153846153
2025-03-03 11:32:00,36.42857142857143,33.513513513513516
2025-03-03 11:47:00,63.483870967741936,78.65546218487395
2025-03-03 12:02:00,57.02970297029703,66.66666666666667
2025-03-03 12:17:00,60.60301507537689,60.73170731707317
2025-03-03 12:32:00,29.11764705882353,35.45454545454545
2025-03-03 12:47:00,80.0,93.07086614173228
2025-03-03 13:02:00,40.77669902912621,39.45205479452055
2025-03-03 13:17:00,39.884393063583815,52.0
2025-03-03 13:32:00,77.03703703703704,84.6268656716418
2025-03-03 13:47:00,67.35483870967742,68.94736842105263
2025-03-03 14:02:00,66.05504587155963,76.92307692307692
2025-03-03 14:17:00,47.16577540106952,63.648648648648646
2025-03-03 14:32:00,68.51612903225806,79.38461538461539
2025-03-03 14:47:00,54.48275862068966,70.41322314049587
2025-03-03 15:02:00,24.642857142857142,22.78481012658228
2025-03-03 15:17:00,31.26050420168067,38.38709677419355
2025-03-03 15:32:00,18.75,24.770642201834864
2025-03-03 15:47:00,33.1578947368421,48.96
2025-03-03 16:02:00,19.444444444444443,25.0
2025-03-03 16:17:00,24.864864864864863,30.705882352941178
2025-03-03 16:32:00,45.644171779141104,47.61904761904762
2025-03-03 16:47:00,36.39810426540284,39.33774834437086
2025-03-03 17:02:00,53.70967741935484,53.86363636363637
2025-03-03 17:17:00,101.14285714285714,130.9090909090909
2025-03-03 17:32:00,258.85714285714283,303.38028169014086
2025-03-03 17:47:00,305.7692307692308,394.4516129032258
2025-03-03 18:02:00,764.6153846153846,947.0
2025-03-03 18:17:00,159.11764705882354,200.25
2025-03-03 18:32:00,52.06611570247934,52.97872340425532
2025-03-03 18:47:00,50.50359712230216,67.34693877551021
2025-03-03 19:02:00,38.93617021276596,48.529411764705884
2025-03-03 19:17:00,23.463687150837988,23.829787234042552
2025-03-03 19:32:00,105.45454545454545,108.33333333333333
2025-03-03 19:47:00,30.545454545454547,25.217391304347824
2025-03-03 20:02:00,41.0958904109589,44.4
2025-03-03 20:17:00,23.007518796992482,28.125
2025-03-03 20:32:00,26.08695652173913,30.638297872340427
2025-03-03 20:47:00,29.677419354838708,26.08695652173913
2025-03-03 21:02:00,98.11764705882354,107.27272727272727
2025-03-03 21:17:00,33.9622641509434,38.78048780487805
2025-03-03 21:32:00,108.51063829787235,125.625
2025-03-03 21:47:00,42.16216216216216,99.1304347826087
2025-03-03 22:02:00,35.714285714285715,31.03448275862069
2025-03-03 22:17:00,52.857142857142854,37.89473684210526
2025-03-03 22:32:00,24.705882352941178,16.0
2025-03-03 22:47:00,30.0,40.0
2025-03-03 23:02:00,294.0,347.14285714285717
2025-03-03 23:17:00,240.0,221.53846153846155
2025-03-03 23:32:00,720.0,690.0
2025-03-03 23:47:00,340.0,540.0
2025-03-04 00:02:00,60.0,60.0
2025-03-04 00:32:00,180.0,180.0
2025-03-04 03:17:00,21.818181818181817,15.0
2025-03-04 03:32:00,25.263157894736842,22.941176470588236
2025-03-04 03:47:00,16.285714285714285,18.94736842105263
2025-03-04 04:02:00,25.714285714285715,21.818181818181817
2025-03-04 04:17:00,19.065420560747665,22.857142857142858
2025-03-04 04:32:00,20.930232558139537,19.35483870967742
2025-03-04 04:47:00,22.649006622516556,21.35593220338983
2025-03-04 05:02:00,30.656934306569344,41.08695652173913
2025-03-04 05:17:00,33.51063829787234,32.689655172413794
2025-03-04 05:32:00,75.72192513368984,85.71428571428571
2025-03-04 05:47:00,152.53012048192772,167.7
2025-03-04 06:02:00,67.68,86.51162790697674
2025-03-04 06:17:00,23.68421052631579,27.23404255319149
2025-03-04 06:32:00,17.272727272727273,21.019108280254777
2025-03-04 06:47:00,31.764705882352942,34.8
2025-03-04 07:02:00,106.43835616438356,107.42857142857143
2025-03-04 07:17:00,53.49753694581281,63.79746835443038
2025-03-04 07:32:00,33.6986301369863,36.92307692307692
2025-03-04 07:47:00,28.51851851851852,37.1900826446281
2025-03-04 08:02:00,28.489208633093526,22.363636363636363
2025-03-04 08:17:00,42.72251308900523,43.311258278145694
2025-03-04 08:32:00,182.81879194630872,223.1404958677686
2025-03-04 08:47:00,106.94117647058823,144.73282442748092
2025-03-04 09:02:00,130.6122448979592,137.64705882352942
2025-03-04 09:17:00,60.88235294117647,67.85714285714286
2025-03-04 09:32:00,41.43884892086331,44.07079646017699
2025-03-04 09:47:00,68.57142857142857,78.89763779527559
2025-03-04 10:02:00,40.90909090909091,52.04819277108434
2025-03-04 10:17:00,26.80203045685279,29.634146341463413
2025-03-04 10:32:00,34.04255319148936,27.17948717948718
2025-03-04 10:47:00,26.33093525179856,28.867924528301888
2025-03-04 11:02:00,26.73267326732673,23.333333333333332
2025-03-04 11:17:00,32.020725388601036,37.07006369426752
2025-03-04 11:32:00,41.029411764705884,35.660377358490564
2025-03-04 11:47:00,42.23684210526316,42.56410256410256
2025-03-04 12:02:00,33.26086956521739,28.47457627118644
2025-03-04 12:17:00,24.383561643835616,29.34065934065934
2025-03-04 12:32:00,67.3972602739726,73.27433628318585
2025-03-04 12:47:00,141.5311004784689,152.625
2025-03-04 13:02:00,188.14285714285714,209.7196261682243
2025-03-04 13:17:00,99.72222222222223,105.3409090909091
2025-03-04 13:32:00,51.61764705882353,58.93805309734513
2025-03-04 13:47:00,56.64335664335665,66.11111111111111
2025-03-04 14:02:00,75.0,91.5
2025-03-04 14:17:00,74.87179487179488,76.5625
2025-03-04 14:32:00,46.38036809815951,40.93023255813954
2025-03-04 14:47:00,42.038216560509554,39.63302752293578
2025-03-04 15:02:00,38.059701492537314,30.89108910891089
2025-03-04 15:17:00,20.0,23.666666666666668
2025-03-04 15:32:00,33.48066298342541,31.03448275862069
2025-03-04 15:47:00,38.95734597156398,46.758620689655174
2025-03-04 16:02:00,60.78947368421053,68.49557522123894
2025-03-04 16:17:00,30.13953488372093,33.214285714285715
2025-03-04 16:32:00,106.25698324022346,112.71428571428571
2025-03-04 16:47:00,94.95145631067962,105.93103448275862
2025-03-04 17:02:00,80.14598540145985,94.45544554455445
2025-03-04 17:32:00,33.63057324840764,33.58974358974359
2025-03-04 17:47:00,29.387755102040817,25.454545454545453
2025-03-04 18:02:00,21.272727272727273,26.666666666666668
2025-03-04 18:17:00,26.875,29.801324503311257
2025-03-04 18:32:00,21.0,21.93548387096774
2025-03-04 18:47:00,22.75862068965517,24.466019417475728
2025-03-04 19:02:00,21.136363636363637,27.61904761904762
2025-03-04 19:17:00,25.664739884393065,36.08695652173913
2025-03-04 19:32:00,35.333333333333336,49.09090909090909
2025-03-04 19:47:00,38.72727272727273,46.08695652173913
2025-03-04 20:02:00,40.48192771084337,47.21311475409836
2025-03-04 20:17:00,37.21518987341772,39.831932773109244
2025-03-04 20:32:00,35.86206896551724,40.645161290322584
2025-03-04 20:47:00,80.43956043956044,77.6470588235294
2025-03-04 21:02:00,20.338983050847457,27.142857142857142
2025-03-04 21:17:00,47.77777777777778,52.857142857142854
2025-03-04 21:47:00,26.76923076923077,23.72093023255814
2025-03-04 22:02:00,50.588235294117645,52.10526315789474
2025-03-04 22:17:00,42.666666666666664,33.65853658536585
2025-03-04 22:32:00,27.0,20.0
2025-03-04 22:47:00,30.0,25.714285714285715
2025-03-04 23:02:00,78.46153846153847,65.45454545454545
2025-03-04 23:17:00,48.0,41.53846153846154
2025-03-04 23:32:00,0.0,0.0
2025-03-04 23:47:00,30.0,60.0
2025-03-05 03:17:00,21.818181818181817,15.0
2025-03-05 03:32:00,20.0,28.96551724137931
2025-03-05 03:47:00,23.225806451612904,25.2
2025-03-05 04:02:00,27.428571428571427,21.818181818181817
2025-03-05 04:17:00,19.26605504587156,23.023255813953487
2025-03-05 04:32:00,16.923076923076923,22.641509433962263
2025-03-05 04:47:00,20.245398773006134,19.69465648854962
2025-03-05 05:02:00,27.745664739884393,32.125984251968504
2025-03-05 05:17:00,20.091743119266056,20.930232558139537
2025-03-05 05:32:00,28.34355828220859,30.74380165289256
2025-03-05 05:47:00,38.20754716981132,44.63414634146341
2025-03-05 06:02:00,64.37956204379562,69.89690721649484
2025-03-05 06:17:00,22.24137931034483,26.229508196721312
2025-03-05 06:32:00,31.470588235294116,36.45569620253165
2025-03-05 06:47:00,23.466666666666665,21.176470588235293
2025-03-05 07:02:00,144.8780487804878,163.9751552795031
2025-03-05 07:17:00,66.82464454976304,77.0909090909091
2025-03-05 07:32:00,35.65217391304348,46.9811320754717
2025-03-05 07:47:00,55.116279069767444,60.96
2025-03-05 08:02:00,64.76190476190476,60.0
2025-03-05 08:17:00,60.0,58.76712328767123
2025-03-05 08:32:00,48.41379310344828,49.23076923076923
2025-03-05 08:47:00,71.57894736842105,75.0
2025-03-05 09:02:00,64.71910112359551,69.375
2025-03-05 09:17:00,15.903614457831326,23.076923076923077
2025-03-05 09:32:00,19.37007874015748,20.198019801980198
2025-03-05 09:47:00,16.81528662420382,18.5
2025-03-05 10:02:00,19.846153846153847,18.6
2025-03-05 10:17:00,18.23204419889503,22.657342657342657
2025-03-05 10:32:00,21.818181818181817,19.09090909090909
2025-03-05 10:47:00,17.551020408163264,22.300884955752213
2025-03-05 11:02:00,17.714285714285715,20.54794520547945
2025-03-05 11:17:00,18.202247191011235,23.21167883211679
2025-03-05 11:32:00,18.24,23.877551020408163
2025-03-05 11:47:00,23.64963503649635,31.54639175257732
2025-03-05 12:02:00,20.17241379310345,26.511627906976745
2025-03-05 12:17:00,20.327868852459016,24.335664335664337
2025-03-05 12:32:00,22.01834862385321,28.235294117647058
2025-03-05 12:47:00,42.03389830508475,43.05343511450382
2025-03-05 13:02:00,34.528301886792455,31.62162162162162
2025-03-05 13:17:00,104.75675675675676,115.54054054054055
2025-03-05 13:32:00,48.75,61.348314606741575
2025-03-05 13:47:00,39.705882352941174,46.53061224489796
2025-03-05 14:02:00,44.03225806451613,45.494505494505496
2025-03-05 14:17:00,190.04784688995215,220.36363636363637
2025-03-05 14:32:00,58.75,64.17391304347827
2025-03-05 14:47:00,63.402061855670105,74.57142857142857
2025-03-05 15:02:00,120.0,124.77272727272727
2025-03-05 15:17:00,55.15695067264574,50.0
2025-03-05 15:32:00,27.10843373493976,26.88
2025-03-05 15:47:00,28.571428571428573,37.68595041322314
2025-03-05 16:02:00,19.636363636363637,26.4
2025-03-05 16:17:00,16.424581005586592,20.454545454545453
2025-03-05 16:32:00,20.0,24.0
2025-03-05 16:47:00,155.83710407239818,194.41558441558442
2025-03-05 17:02:00,60.483870967741936,69.1304347826087
2025-03-05 17:17:00,74.91124260355029,97.5609756097561
2025-03-05 17:32:00,17.678571428571427,23.703703703703702
2025-03-05 17:47:00,58.026315789473685,73.01886792452831
2025-03-05 18:02:00,143.0,156.1290322580645
2025-03-05 18:17:00,110.57142857142857,130.37037037037038
2025-03-05 18:32:00,81.81818181818181,99.78947368421052
2025-03-05 18:47:00,66.92307692307692,76.85393258426966
2025-03-05 19:02:00,90.29126213592232,96.3157894736842
2025-03-05 19:17:00,29.447852760736197,36.74418604651163
2025-03-05 19:32:00,51.06382978723404,54.46153846153846
2025-03-05 19:47:00,45.76271186440678,69.0
2025-03-05 20:02:00,22.7027027027027,25.2
2025-03-05 20:17:00,21.857142857142858,27.92079207920792
2025-03-05 20:32:00,22.894736842105264,28.363636363636363
2025-03-05 20:47:00,27.142857142857142,25.862068965517242
2025-03-05 21:02:00,38.76923076923077,40.0
2025-03-05 21:17:00,21.428571428571427,26.4
2025-03-05 21:32:00,36.470588235294116,41.142857142857146
2025-03-05 21:47:00,27.272727272727273,40.0
2025-03-05 22:02:00,27.77777777777778,23.72093023255814
2025-03-05 22:17:00,92.43243243243244,81.81818181818181
2025-03-05 22:32:00,84.70588235294117,35.0
2025-03-05 22:47:00,198.0,248.0
2025-03-05 23:02:00,171.42857142857142,222.0
2025-03-05 23:17:00,41.53846153846154,60.0
2025-03-05 23:47:00,0.0,
2025-03-06 00:02:00,60.0,60.0
2025-03-06 00:17:00,120.0,120.0
2025-03-06 03:17:00,21.818181818181817,15.0
2025-03-06 03:32:00,27.56756756756757,21.818181818181817
2025-03-06 03:47:00,22.75862068965517,30.0
2025-03-06 04:02:00,25.0,19.09090909090909
2025-03-06 04:17:00,19.03846153846154,22.5
2025-03-06 04:32:00,20.470588235294116,20.0
2025-03-06 04:47:00,21.58273381294964,24.0
2025-03-06 05:02:00,24.08450704225352,28.2
2025-03-06 05:17:00,19.88372093023256,24.651162790697676
2025-03-06 05:32:00,18.983050847457626,19.852941176470587
2025-03-06 05:47:00,20.224719101123597,27.313432835820894
2025-03-06 06:02:00,22.96875,22.325581395348838
2025-03-06 06:17:00,32.131147540983605,41.029411764705884
2025-03-06 06:32:00,25.030674846625768,23.114754098360656
2025-03-06 06:47:00,20.115606936416185,24.297520661157026
2025-03-06 07:02:00,25.405405405405407,33.84615384615385
2025-03-06 07:17:00,18.431372549019606,26.486486486486488
2025-03-06 07:32:00,17.142857142857142,20.0
2025-03-06 07:47:00,24.0,23.72093023255814
2025-03-06 08:02:00,23.03030303030303,21.36986301369863
2025-03-06 08:17:00,27.428571428571427,33.77777777777778
2025-03-06 08:32:00,33.65853658536585,28.085106382978722
2025-03-06 08:47:00,30.20408163265306,37.00934579439252
2025-03-06 09:02:00,34.80916030534351,33.46153846153846
2025-03-06 09:17:00,27.272727272727273,30.559006211180126
2025-03-06 09:32:00,41.605839416058394,34.5945945945946
2025-03-06 09:47:00,21.818181818181817,29.444444444444443
2025-03-06 10:02:00,23.20754716981132,25.063291139240505
2025-03-06 10:17:00,16.721311475409838,22.7027027027027
2025-03-06 10:32:00,20.48780487804878,21.176470588235293
2025-03-06 10:47:00,20.15625,25.806451612903224
2025-03-06 11:02:00,22.5,22.4
2025-03-06 11:17:00,16.0,23.62204724409449
2025-03-06 11:32:00,20.892857142857142,23.736263736263737
2025-03-06 11:47:00,20.454545454545453,27.216494845360824
2025-03-06 12:02:00,23.225806451612904,25.846153846153847
2025-03-06 12:17:00,18.90909090909091,24.094488188976378
2025-03-06 12:32:00,19.646017699115045,21.573033707865168
2025-03-06 12:47:00,21.176470588235293,24.0
2025-03-06 13:02:00,20.571428571428573,25.263157894736842
2025-03-06 13:17:00,19.87012987012987,29.243697478991596
2025-03-06 13:32:00,24.545454545454547,20.555555555555557
2025-03-06 13:47:00,45.833333333333336,49.411764705882355
2025-03-06 14:02:00,59.50819672131148,57.41935483870968
2025-03-06 14:17:00,26.373626373626372,31.48936170212766
2025-03-06 14:32:00,48.4,58.064516129032256
2025-03-06 14:47:00,36.92307692307692,51.65217391304348
2025-03-06 15:02:00,31.016949152542374,27.209302325581394
2025-03-06 15:17:00,48.71559633027523,60.736196319018404
2025-03-06 15:32:00,74.25,74.01015228426395
2025-03-06 15:47:00,34.014084507042256,38.55072463768116
2025-03-06 16:02:00,182.09302325581396,218.4375
2025-03-06 16:17:00,38.18181818181818,31.719745222929937
2025-03-06 16:32:00,147.09677419354838,159.31034482758622
2025-03-06 16:47:00,144.27184466019418,160.41322314049586
2025-03-06 17:02:00,255.0,260.49295774647885
2025-03-06 17:17:00,132.80898876404495,129.85915492957747
2025-03-06 17:32:00,138.48214285714286,129.8901098901099
2025-03-06 17:47:00,104.07582938388626,110.76923076923077
2025-03-06 18:02:00,92.6086956521739,94.0
2025-03-06 18:17:00,95.02262443438914,101.37931034482759
2025-03-06 18:32:00,114.17142857142858,120.0
2025-03-06 18:47:00,159.2670157068063,184.5205479452055
2025-03-06 19:02:00,115.26315789473684,118.47133757961784
2025-03-06 19:17:00,109.34579439252336,121.37142857142857
2025-03-06 19:32:00,103.46456692913385,126.80412371134021
2025-03-06 19:47:00,92.90322580645162,108.14814814814815
2025-03-06 20:02:00,192.8048780487805,201.02189781021897
2025-03-06 20:17:00,270.5027932960894,331.7647058823529
2025-03-06 20:32:00,199.44444444444446,235.0
2025-03-06 20:47:00,131.5966386554622,135.33333333333334
2025-03-06 21:02:00,74.51612903225806,58.78787878787879
2025-03-06 21:17:00,79.11504424778761,57.906976744186046
2025-03-06 21:32:00,503.8235294117647,628.2352941176471
2025-03-06 21:47:00,56.25,24.705882352941178
2025-03-06 22:02:00,43.333333333333336,29.23076923076923
2025-03-06 22:17:00,73.84615384615384,54.705882352941174
2025-03-06 22:32:00,55.714285714285715,48.0
2025-03-06 22:47:00,21.818181818181817,20.0
2025-03-06 23:02:00,78.75,76.36363636363636
2025-03-06 23:17:00,49.09090909090909,66.66666666666667
2025-03-06 23:47:00,30.0,60.0
2025-03-07 00:17:00,180.0,180.0
2025-03-07 00:32:00,60.0,90.0
2025-03-07 03:17:00,21.818181818181817,15.0
2025-03-07 03:32:00,25.263157894736842,22.941176470588236
2025-03-07 03:47:00,23.389830508474578,29.361702127659573
2025-03-07 04:02:00,25.714285714285715,21.818181818181817
2025-03-07 04:17:00,17.77777777777778,22.857142857142858
2025-03-07 04:32:00,19.285714285714285,20.0
2025-03-07 04:47:00,20.350877192982455,20.0
2025-03-07 05:02:00,20.754716981132077,26.896551724137932
2025-03-07 05:17:00,17.01492537313433,22.641509433962263
2025-03-07 05:32:00,20.816326530612244,22.7027027027027
2025-03-07 05:47:00,19.032258064516128,24.857142857142858
2025-03-07 06:02:00,68.0,75.0
2025-03-07 06:17:00,99.90291262135922,105.88235294117646
2025-03-07 06:32:00,73.77990430622009,82.6829268292683
2025-03-07 06:47:00,37.27272727272727,37.55102040816327
2025-03-07 07:02:00,39.280575539568346,33.93939393939394
2025-03-07 07:17:00,29.134615384615383,30.552147239263803
2025-03-07 07:32:00,25.401459854014597,29.464285714285715
2025-03-07 07:47:00,36.30573248407644,44.60176991150443
2025-03-07 08:02:00,33.57798165137615,35.294117647058826
2025-03-07 08:17:00,31.11111111111111,28.95104895104895
2025-03-07 08:32:00,18.620689655172413,19.487179487179485
2025-03-07 08:47:00,39.86577181208054,41.495327102803735
2025-03-07 09:02:00,52.96875,42.5
2025-03-07 09:17:00,25.714285714285715,23.181818181818183
2025-03-07 09:32:00,22.926829268292682,25.8
2025-03-07 09:47:00,21.73913043478261,25.04854368932039
2025-03-07 10:02:00,18.46153846153846,15.118110236220472
2025-03-07 10:17:00,19.666666666666668,24.897959183673468
2025-03-07 10:32:00,28.32,29.41176470588235
2025-03-07 10:47:00,29.2,30.0
2025-03-07 11:02:00,53.333333333333336,61.97802197802198
2025-03-07 11:17:00,45.14563106796116,52.04819277108434
2025-03-07 11:32:00,55.51020408163265,61.52542372881356
2025-03-07 11:47:00,89.83783783783784,105.0
2025-03-07 12:02:00,127.6923076923077,130.5
2025-03-07 12:17:00,104.10958904109589,108.75
2025-03-07 12:32:00,131.731843575419,140.40816326530611
2025-03-07 12:47:00,125.6043956043956,137.5182481751825
2025-03-07 13:02:00,168.51063829787233,182.83018867924528
2025-03-07 13:17:00,136.53061224489795,147.69230769230768
2025-03-07 13:32:00,36.1764705882353,28.672566371681416
2025-03-07 13:47:00,60.36363636363637,60.47244094488189
2025-03-07 14:02:00,106.85714285714286,145.71428571428572
2025-03-07 14:17:00,26.216216216216218,26.4
2025-03-07 14:32:00,41.793103448275865,48.59504132231405
2025-03-07 14:47:00,49.43396226415094,80.17699115044248
2025-03-07 15:02:00,129.1304347826087,177.71428571428572
2025-03-07 15:17:00,106.07142857142857,139.76470588235293
2025-03-07 15:32:00,259.90909090909093,297.9888268156425
2025-03-07 15:47:00,124.453125,153.40540540540542
2025-03-07 16:02:00,139.87261146496814,159.65217391304347
2025-03-07 16:17:00,109.04347826086956,146.85082872928177
2025-03-07 16:32:00,135.43859649122808,142.7906976744186
2025-03-07 16:47:00,55.09615384615385,65.88235294117646
2025-03-07 17:02:00,45.58139534883721,50.90909090909091
2025-03-07 17:17:00,90.22900763358778,95.77464788732394
2025-03-07 17:32:00,146.1764705882353,158.34319526627218
2025-03-07 17:47:00,40.879120879120876,45.44117647058823
2025-03-07 18:02:00,94.08,107.27272727272727
2025-03-07 18:17:00,53.164556962025316,54.57446808510638
2025-03-07 18:32:00,121.61073825503355,117.94871794871794
2025-03-07 18:47:00,112.37569060773481,133.13868613138686
2025-03-07 19:02:00,173.03225806451613,199.2
2025-03-07 19:17:00,105.80645161290323,113.55704697986577
2025-03-07 19:32:00,126.81818181818181,149.4915254237288
2025-03-07 19:47:00,113.75,123.49514563106796
2025-03-07 20:02:00,68.7378640776699,71.68831168831169
2025-03-07 20:17:00,30.64748201438849,29.41176470588235
2025-03-07 20:32:00,96.66666666666667,105.45454545454545
2025-03-07 20:47:00,159.0,121.62162162162163
2025-03-07 21:02:00,178.2608695652174,137.5
2025-03-07 21:17:00,132.69230769230768,107.53246753246754
2025-03-07 21:32:00,221.53846153846155,190.58823529411765
2025-03-07 21:47:00,288.0,304.61538461538464
2025-03-07 22:02:00,210.52631578947367,162.4390243902439
2025-03-07 22:17:00,178.53658536585365,38.18181818181818
2025-03-07 22:32:00,127.2,157.89473684210526
2025-03-07 22:47:00,21.818181818181817,20.0
2025-03-07 23:02:00,188.57142857142858,231.42857142857142
2025-03-07 23:17:00,45.0,47.142857142857146
2025-03-07 23:32:00,0.0,0.0
2025-03-07 23:47:00,20.0,30.0
2025-03-08 00:02:00,180.0,120.0
