time,ongoing_trips,date_snapshot
2025-02-18 00:00:00,0,20250218
2025-02-18 01:00:00,1,20250218
2025-02-18 02:00:00,0,20250218
2025-02-18 03:00:00,0,20250218
2025-02-18 04:00:00,0,20250218
2025-02-18 05:00:00,60,20250218
2025-02-18 06:00:00,204,20250218
2025-02-18 07:00:00,316,20250218
2025-02-18 08:00:00,324,20250218
2025-02-18 09:00:00,269,20250218
2025-02-18 10:00:00,269,20250218
2025-02-18 11:00:00,266,20250218
2025-02-18 12:00:00,265,20250218
2025-02-18 13:00:00,268,20250218
2025-02-18 14:00:00,272,20250218
2025-02-18 15:00:00,269,20250218
2025-02-18 16:00:00,285,20250218
2025-02-18 17:00:00,337,20250218
2025-02-18 18:00:00,322,20250218
2025-02-18 19:00:00,282,20250218
2025-02-18 20:00:00,260,20250218
2025-02-18 21:00:00,238,20250218
2025-02-18 22:00:00,204,20250218
2025-02-18 23:00:00,135,20250218
2025-02-19 00:00:00,44,20250218
2025-02-19 01:00:00,6,20250218
2025-02-19 02:00:00,0,20250218
2025-02-19 03:00:00,0,20250218
2025-02-19 04:00:00,0,20250218
2025-02-19 05:00:00,60,20250218
2025-02-19 06:00:00,204,20250218
2025-02-19 07:00:00,315,20250218
2025-02-19 08:00:00,323,20250218
2025-02-19 09:00:00,271,20250218
2025-02-19 10:00:00,271,20250218
2025-02-19 11:00:00,268,20250218
2025-02-19 12:00:00,266,20250218
2025-02-19 13:00:00,275,20250218
2025-02-19 14:00:00,272,20250218
2025-02-19 15:00:00,268,20250218
2025-02-19 16:00:00,285,20250218
2025-02-19 17:00:00,338,20250218
2025-02-19 18:00:00,323,20250218
2025-02-19 19:00:00,282,20250218
2025-02-19 20:00:00,261,20250218
2025-02-19 21:00:00,238,20250218
2025-02-19 22:00:00,204,20250218
2025-02-19 23:00:00,135,20250218
2025-02-20 00:00:00,44,20250218
2025-02-20 01:00:00,6,20250218
2025-02-20 02:00:00,0,20250218
2025-02-20 03:00:00,0,20250218
2025-02-20 04:00:00,0,20250218
2025-02-20 05:00:00,60,20250218
2025-02-20 06:00:00,204,20250218
2025-02-20 07:00:00,317,20250218
2025-02-20 08:00:00,325,20250218
2025-02-20 09:00:00,270,20250218
2025-02-20 10:00:00,270,20250218
2025-02-20 11:00:00,267,20250218
2025-02-20 12:00:00,266,20250218
2025-02-20 13:00:00,269,20250218
2025-02-20 14:00:00,273,20250218
2025-02-20 15:00:00,269,20250218
2025-02-20 16:00:00,284,20250218
2025-02-20 17:00:00,336,20250218
2025-02-20 18:00:00,322,20250218
2025-02-20 19:00:00,282,20250218
2025-02-20 20:00:00,260,20250218
2025-02-20 21:00:00,238,20250218
2025-02-20 22:00:00,204,20250218
2025-02-20 23:00:00,135,20250218
2025-02-21 00:00:00,44,20250218
2025-02-21 01:00:00,6,20250218
2025-02-21 02:00:00,0,20250218
2025-02-21 03:00:00,0,20250218
2025-02-21 04:00:00,0,20250218
2025-02-21 05:00:00,60,20250218
2025-02-21 06:00:00,204,20250218
2025-02-21 07:00:00,317,20250218
2025-02-21 08:00:00,325,20250218
2025-02-21 09:00:00,271,20250218
2025-02-21 10:00:00,271,20250218
2025-02-21 11:00:00,268,20250218
2025-02-21 12:00:00,267,20250218
2025-02-21 13:00:00,270,20250218
2025-02-21 14:00:00,273,20250218
2025-02-21 15:00:00,269,20250218
2025-02-21 16:00:00,286,20250218
2025-02-21 17:00:00,336,20250218
2025-02-21 18:00:00,321,20250218
2025-02-21 19:00:00,282,20250218
2025-02-21 20:00:00,261,20250218
2025-02-21 21:00:00,238,20250218
2025-02-21 22:00:00,204,20250218
2025-02-21 23:00:00,135,20250218
2025-02-22 00:00:00,42,20250218
2025-02-22 01:00:00,4,20250218
2025-02-22 02:00:00,0,20250218
2025-02-22 03:00:00,0,20250218
2025-02-22 04:00:00,0,20250218
2025-02-22 05:00:00,9,20250218
2025-02-22 06:00:00,39,20250218
2025-02-22 07:00:00,117,20250218
2025-02-22 08:00:00,147,20250218
2025-02-22 09:00:00,159,20250218
2025-02-22 10:00:00,153,20250218
2025-02-22 11:00:00,161,20250218
2025-02-22 12:00:00,155,20250218
2025-02-22 13:00:00,161,20250218
2025-02-22 14:00:00,156,20250218
2025-02-22 15:00:00,161,20250218
2025-02-22 16:00:00,155,20250218
2025-02-22 17:00:00,162,20250218
2025-02-22 18:00:00,156,20250218
2025-02-22 19:00:00,162,20250218
2025-02-22 20:00:00,153,20250218
2025-02-22 21:00:00,156,20250218
2025-02-22 22:00:00,136,20250218
2025-02-22 23:00:00,98,20250218
2025-02-23 00:00:00,36,20250218
2025-02-23 01:00:00,5,20250218
2025-02-23 02:00:00,1,20250218
2025-02-23 03:00:00,0,20250218
2025-02-23 04:00:00,0,20250218
2025-02-23 05:00:00,9,20250218
2025-02-23 06:00:00,39,20250218
2025-02-23 07:00:00,113,20250218
2025-02-23 08:00:00,140,20250218
2025-02-23 09:00:00,152,20250218
2025-02-23 10:00:00,146,20250218
2025-02-23 11:00:00,153,20250218
2025-02-23 12:00:00,146,20250218
2025-02-23 13:00:00,153,20250218
2025-02-23 14:00:00,148,20250218
2025-02-23 15:00:00,153,20250218
2025-02-23 16:00:00,147,20250218
2025-02-23 17:00:00,153,20250218
2025-02-23 18:00:00,149,20250218
2025-02-23 19:00:00,157,20250218
2025-02-23 20:00:00,157,20250218
2025-02-23 21:00:00,159,20250218
2025-02-23 22:00:00,133,20250218
2025-02-23 23:00:00,95,20250218
2025-02-24 00:00:00,36,20250218
2025-02-24 01:00:00,5,20250218
2025-02-24 02:00:00,1,20250218
2025-02-24 03:00:00,0,20250218
2025-02-24 04:00:00,0,20250218
2025-02-24 05:00:00,59,20250218
2025-02-24 06:00:00,204,20250218
2025-02-24 07:00:00,317,20250218
2025-02-24 08:00:00,325,20250218
2025-02-24 09:00:00,268,20250218
2025-02-24 10:00:00,267,20250218
2025-02-24 11:00:00,263,20250218
2025-02-24 12:00:00,262,20250218
2025-02-24 13:00:00,267,20250218
2025-02-24 14:00:00,270,20250218
2025-02-24 15:00:00,265,20250218
2025-02-24 16:00:00,283,20250218
2025-02-24 17:00:00,337,20250218
2025-02-24 18:00:00,321,20250218
2025-02-24 19:00:00,280,20250218
2025-02-24 20:00:00,259,20250218
2025-02-24 21:00:00,236,20250218
2025-02-24 22:00:00,202,20250218
2025-02-24 23:00:00,134,20250218
2025-02-25 00:00:00,42,20250218
2025-02-25 01:00:00,5,20250218
2025-02-25 02:00:00,0,20250218
2025-02-25 03:00:00,0,20250218
2025-02-25 04:00:00,0,20250218
2025-02-25 05:00:00,60,20250218
2025-02-25 06:00:00,204,20250218
2025-02-25 07:00:00,317,20250218
2025-02-25 08:00:00,325,20250218
2025-02-25 09:00:00,267,20250218
2025-02-25 10:00:00,266,20250218
2025-02-25 11:00:00,261,20250218
2025-02-25 12:00:00,260,20250218
2025-02-25 13:00:00,265,20250218
2025-02-25 14:00:00,269,20250218
2025-02-25 15:00:00,265,20250218
2025-02-25 16:00:00,283,20250218
2025-02-25 17:00:00,337,20250218
2025-02-25 18:00:00,321,20250218
2025-02-25 19:00:00,280,20250218
2025-02-25 20:00:00,258,20250218
2025-02-25 21:00:00,236,20250218
2025-02-25 22:00:00,202,20250218
2025-02-25 23:00:00,134,20250218
2025-02-26 00:00:00,42,20250218
2025-02-26 01:00:00,5,20250218
2025-02-26 02:00:00,0,20250218
2025-02-26 03:00:00,0,20250218
2025-02-26 04:00:00,0,20250218
2025-02-26 05:00:00,60,20250218
2025-02-26 06:00:00,204,20250218
2025-02-26 07:00:00,319,20250218
2025-02-26 08:00:00,325,20250218
2025-02-26 09:00:00,268,20250218
2025-02-26 10:00:00,266,20250218
2025-02-26 11:00:00,262,20250218
2025-02-26 12:00:00,262,20250218
2025-02-26 13:00:00,274,20250218
2025-02-26 14:00:00,270,20250218
2025-02-26 15:00:00,265,20250218
2025-02-26 16:00:00,283,20250218
2025-02-26 17:00:00,339,20250218
2025-02-26 18:00:00,321,20250218
2025-02-26 19:00:00,280,20250218
2025-02-26 20:00:00,259,20250218
2025-02-26 21:00:00,236,20250218
2025-02-26 22:00:00,202,20250218
2025-02-26 23:00:00,134,20250218
2025-02-27 00:00:00,42,20250218
2025-02-27 01:00:00,4,20250218
2025-02-27 02:00:00,0,20250218
2025-02-19 00:00:00,0,20250219
2025-02-19 01:00:00,1,20250219
2025-02-19 02:00:00,0,20250219
2025-02-19 03:00:00,0,20250219
2025-02-19 04:00:00,0,20250219
2025-02-19 05:00:00,60,20250219
2025-02-19 06:00:00,204,20250219
2025-02-19 07:00:00,316,20250219
2025-02-19 08:00:00,324,20250219
2025-02-19 09:00:00,270,20250219
2025-02-19 10:00:00,271,20250219
2025-02-19 11:00:00,269,20250219
2025-02-19 12:00:00,266,20250219
2025-02-19 13:00:00,275,20250219
2025-02-19 14:00:00,272,20250219
2025-02-19 15:00:00,268,20250219
2025-02-19 16:00:00,285,20250219
2025-02-19 17:00:00,338,20250219
2025-02-19 18:00:00,323,20250219
2025-02-19 19:00:00,282,20250219
2025-02-19 20:00:00,261,20250219
2025-02-19 21:00:00,238,20250219
2025-02-19 22:00:00,204,20250219
2025-02-19 23:00:00,135,20250219
2025-02-20 00:00:00,44,20250219
2025-02-20 01:00:00,6,20250219
2025-02-20 02:00:00,0,20250219
2025-02-20 03:00:00,0,20250219
2025-02-20 04:00:00,0,20250219
2025-02-20 05:00:00,60,20250219
2025-02-20 06:00:00,204,20250219
2025-02-20 07:00:00,318,20250219
2025-02-20 08:00:00,326,20250219
2025-02-20 09:00:00,270,20250219
2025-02-20 10:00:00,270,20250219
2025-02-20 11:00:00,267,20250219
2025-02-20 12:00:00,266,20250219
2025-02-20 13:00:00,269,20250219
2025-02-20 14:00:00,273,20250219
2025-02-20 15:00:00,269,20250219
2025-02-20 16:00:00,284,20250219
2025-02-20 17:00:00,336,20250219
2025-02-20 18:00:00,322,20250219
2025-02-20 19:00:00,282,20250219
2025-02-20 20:00:00,260,20250219
2025-02-20 21:00:00,238,20250219
2025-02-20 22:00:00,204,20250219
2025-02-20 23:00:00,135,20250219
2025-02-21 00:00:00,44,20250219
2025-02-21 01:00:00,6,20250219
2025-02-21 02:00:00,0,20250219
2025-02-21 03:00:00,0,20250219
2025-02-21 04:00:00,0,20250219
2025-02-21 05:00:00,60,20250219
2025-02-21 06:00:00,204,20250219
2025-02-21 07:00:00,318,20250219
2025-02-21 08:00:00,326,20250219
2025-02-21 09:00:00,271,20250219
2025-02-21 10:00:00,271,20250219
2025-02-21 11:00:00,268,20250219
2025-02-21 12:00:00,267,20250219
2025-02-21 13:00:00,270,20250219
2025-02-21 14:00:00,273,20250219
2025-02-21 15:00:00,269,20250219
2025-02-21 16:00:00,286,20250219
2025-02-21 17:00:00,336,20250219
2025-02-21 18:00:00,321,20250219
2025-02-21 19:00:00,282,20250219
2025-02-21 20:00:00,261,20250219
2025-02-21 21:00:00,238,20250219
2025-02-21 22:00:00,204,20250219
2025-02-21 23:00:00,135,20250219
2025-02-22 00:00:00,42,20250219
2025-02-22 01:00:00,3,20250219
2025-02-22 02:00:00,0,20250219
2025-02-22 03:00:00,0,20250219
2025-02-22 04:00:00,0,20250219
2025-02-22 05:00:00,7,20250219
2025-02-22 06:00:00,25,20250219
2025-02-22 07:00:00,93,20250219
2025-02-22 08:00:00,119,20250219
2025-02-22 09:00:00,140,20250219
2025-02-22 10:00:00,131,20250219
2025-02-22 11:00:00,129,20250219
2025-02-22 12:00:00,116,20250219
2025-02-22 13:00:00,93,20250219
2025-02-22 14:00:00,77,20250219
2025-02-22 15:00:00,89,20250219
2025-02-22 16:00:00,107,20250219
2025-02-22 17:00:00,126,20250219
2025-02-22 18:00:00,128,20250219
2025-02-22 19:00:00,141,20250219
2025-02-22 20:00:00,127,20250219
2025-02-22 21:00:00,126,20250219
2025-02-22 22:00:00,77,20250219
2025-02-22 23:00:00,43,20250219
2025-02-23 00:00:00,12,20250219
2025-02-23 01:00:00,0,20250219
2025-02-23 02:00:00,0,20250219
2025-02-23 03:00:00,0,20250219
2025-02-23 04:00:00,0,20250219
2025-02-23 05:00:00,7,20250219
2025-02-23 06:00:00,25,20250219
2025-02-23 07:00:00,92,20250219
2025-02-23 08:00:00,119,20250219
2025-02-23 09:00:00,139,20250219
2025-02-23 10:00:00,130,20250219
2025-02-23 11:00:00,126,20250219
2025-02-23 12:00:00,113,20250219
2025-02-23 13:00:00,91,20250219
2025-02-23 14:00:00,76,20250219
2025-02-23 15:00:00,87,20250219
2025-02-23 16:00:00,106,20250219
2025-02-23 17:00:00,126,20250219
2025-02-23 18:00:00,128,20250219
2025-02-23 19:00:00,137,20250219
2025-02-23 20:00:00,128,20250219
2025-02-23 21:00:00,125,20250219
2025-02-23 22:00:00,78,20250219
2025-02-23 23:00:00,45,20250219
2025-02-24 00:00:00,12,20250219
2025-02-24 01:00:00,0,20250219
2025-02-24 02:00:00,0,20250219
2025-02-24 03:00:00,0,20250219
2025-02-24 04:00:00,0,20250219
2025-02-24 05:00:00,59,20250219
2025-02-24 06:00:00,204,20250219
2025-02-24 07:00:00,317,20250219
2025-02-24 08:00:00,325,20250219
2025-02-24 09:00:00,268,20250219
2025-02-24 10:00:00,267,20250219
2025-02-24 11:00:00,262,20250219
2025-02-24 12:00:00,262,20250219
2025-02-24 13:00:00,267,20250219
2025-02-24 14:00:00,270,20250219
2025-02-24 15:00:00,265,20250219
2025-02-24 16:00:00,283,20250219
2025-02-24 17:00:00,337,20250219
2025-02-24 18:00:00,321,20250219
2025-02-24 19:00:00,280,20250219
2025-02-24 20:00:00,259,20250219
2025-02-24 21:00:00,236,20250219
2025-02-24 22:00:00,202,20250219
2025-02-24 23:00:00,134,20250219
2025-02-25 00:00:00,42,20250219
2025-02-25 01:00:00,5,20250219
2025-02-25 02:00:00,0,20250219
2025-02-25 03:00:00,0,20250219
2025-02-25 04:00:00,0,20250219
2025-02-25 05:00:00,60,20250219
2025-02-25 06:00:00,204,20250219
2025-02-25 07:00:00,317,20250219
2025-02-25 08:00:00,325,20250219
2025-02-25 09:00:00,267,20250219
2025-02-25 10:00:00,266,20250219
2025-02-25 11:00:00,260,20250219
2025-02-25 12:00:00,260,20250219
2025-02-25 13:00:00,265,20250219
2025-02-25 14:00:00,269,20250219
2025-02-25 15:00:00,265,20250219
2025-02-25 16:00:00,283,20250219
2025-02-25 17:00:00,337,20250219
2025-02-25 18:00:00,321,20250219
2025-02-25 19:00:00,280,20250219
2025-02-25 20:00:00,258,20250219
2025-02-25 21:00:00,236,20250219
2025-02-25 22:00:00,202,20250219
2025-02-25 23:00:00,134,20250219
2025-02-26 00:00:00,42,20250219
2025-02-26 01:00:00,5,20250219
2025-02-26 02:00:00,0,20250219
2025-02-26 03:00:00,0,20250219
2025-02-26 04:00:00,0,20250219
2025-02-26 05:00:00,60,20250219
2025-02-26 06:00:00,204,20250219
2025-02-26 07:00:00,319,20250219
2025-02-26 08:00:00,325,20250219
2025-02-26 09:00:00,268,20250219
2025-02-26 10:00:00,266,20250219
2025-02-26 11:00:00,261,20250219
2025-02-26 12:00:00,262,20250219
2025-02-26 13:00:00,274,20250219
2025-02-26 14:00:00,270,20250219
2025-02-26 15:00:00,265,20250219
2025-02-26 16:00:00,283,20250219
2025-02-26 17:00:00,339,20250219
2025-02-26 18:00:00,321,20250219
2025-02-26 19:00:00,280,20250219
2025-02-26 20:00:00,259,20250219
2025-02-26 21:00:00,236,20250219
2025-02-26 22:00:00,202,20250219
2025-02-26 23:00:00,134,20250219
2025-02-27 00:00:00,42,20250219
2025-02-27 01:00:00,5,20250219
2025-02-27 02:00:00,0,20250219
2025-02-27 03:00:00,0,20250219
2025-02-27 04:00:00,0,20250219
2025-02-27 05:00:00,60,20250219
2025-02-27 06:00:00,204,20250219
2025-02-27 07:00:00,319,20250219
2025-02-27 08:00:00,325,20250219
2025-02-27 09:00:00,267,20250219
2025-02-27 10:00:00,266,20250219
2025-02-27 11:00:00,261,20250219
2025-02-27 12:00:00,263,20250219
2025-02-27 13:00:00,266,20250219
2025-02-27 14:00:00,270,20250219
2025-02-27 15:00:00,265,20250219
2025-02-27 16:00:00,283,20250219
2025-02-27 17:00:00,338,20250219
2025-02-27 18:00:00,320,20250219
2025-02-27 19:00:00,280,20250219
2025-02-27 20:00:00,258,20250219
2025-02-27 21:00:00,236,20250219
2025-02-27 22:00:00,202,20250219
2025-02-27 23:00:00,135,20250219
2025-02-28 00:00:00,43,20250219
2025-02-28 01:00:00,6,20250219
2025-02-28 02:00:00,0,20250219
2025-02-28 03:00:00,0,20250219
2025-02-28 04:00:00,0,20250219
2025-02-28 05:00:00,0,20250219
2025-02-28 06:00:00,0,20250219
2025-02-28 07:00:00,0,20250219
2025-02-28 08:00:00,0,20250219
2025-02-28 09:00:00,1,20250219
2025-02-28 10:00:00,0,20250219
2025-02-20 00:00:00,0,20250220
2025-02-20 01:00:00,1,20250220
2025-02-20 02:00:00,0,20250220
2025-02-20 03:00:00,0,20250220
2025-02-20 04:00:00,0,20250220
2025-02-20 05:00:00,60,20250220
2025-02-20 06:00:00,204,20250220
2025-02-20 07:00:00,318,20250220
2025-02-20 08:00:00,325,20250220
2025-02-20 09:00:00,270,20250220
2025-02-20 10:00:00,270,20250220
2025-02-20 11:00:00,270,20250220
2025-02-20 12:00:00,267,20250220
2025-02-20 13:00:00,269,20250220
2025-02-20 14:00:00,273,20250220
2025-02-20 15:00:00,270,20250220
2025-02-20 16:00:00,286,20250220
2025-02-20 17:00:00,336,20250220
2025-02-20 18:00:00,322,20250220
2025-02-20 19:00:00,282,20250220
2025-02-20 20:00:00,261,20250220
2025-02-20 21:00:00,239,20250220
2025-02-20 22:00:00,204,20250220
2025-02-20 23:00:00,135,20250220
2025-02-21 00:00:00,44,20250220
2025-02-21 01:00:00,6,20250220
2025-02-21 02:00:00,0,20250220
2025-02-21 03:00:00,0,20250220
2025-02-21 04:00:00,0,20250220
2025-02-21 05:00:00,60,20250220
2025-02-21 06:00:00,204,20250220
2025-02-21 07:00:00,319,20250220
2025-02-21 08:00:00,326,20250220
2025-02-21 09:00:00,271,20250220
2025-02-21 10:00:00,271,20250220
2025-02-21 11:00:00,270,20250220
2025-02-21 12:00:00,268,20250220
2025-02-21 13:00:00,270,20250220
2025-02-21 14:00:00,273,20250220
2025-02-21 15:00:00,270,20250220
2025-02-21 16:00:00,288,20250220
2025-02-21 17:00:00,336,20250220
2025-02-21 18:00:00,321,20250220
2025-02-21 19:00:00,282,20250220
2025-02-21 20:00:00,262,20250220
2025-02-21 21:00:00,239,20250220
2025-02-21 22:00:00,191,20250220
2025-02-21 23:00:00,113,20250220
2025-02-22 00:00:00,30,20250220
2025-02-22 01:00:00,1,20250220
2025-02-22 02:00:00,0,20250220
2025-02-22 03:00:00,0,20250220
2025-02-22 04:00:00,0,20250220
2025-02-22 05:00:00,7,20250220
2025-02-22 06:00:00,24,20250220
2025-02-22 07:00:00,84,20250220
2025-02-22 08:00:00,108,20250220
2025-02-22 09:00:00,124,20250220
2025-02-22 10:00:00,117,20250220
2025-02-22 11:00:00,116,20250220
2025-02-22 12:00:00,100,20250220
2025-02-22 13:00:00,79,20250220
2025-02-22 14:00:00,68,20250220
2025-02-22 15:00:00,83,20250220
2025-02-22 16:00:00,94,20250220
2025-02-22 17:00:00,113,20250220
2025-02-22 18:00:00,116,20250220
2025-02-22 19:00:00,127,20250220
2025-02-22 20:00:00,114,20250220
2025-02-22 21:00:00,109,20250220
2025-02-22 22:00:00,66,20250220
2025-02-22 23:00:00,37,20250220
2025-02-23 00:00:00,11,20250220
2025-02-23 01:00:00,0,20250220
2025-02-23 02:00:00,0,20250220
2025-02-23 03:00:00,0,20250220
2025-02-23 04:00:00,0,20250220
2025-02-23 05:00:00,7,20250220
2025-02-23 06:00:00,25,20250220
2025-02-23 07:00:00,92,20250220
2025-02-23 08:00:00,119,20250220
2025-02-23 09:00:00,139,20250220
2025-02-23 10:00:00,130,20250220
2025-02-23 11:00:00,126,20250220
2025-02-23 12:00:00,113,20250220
2025-02-23 13:00:00,91,20250220
2025-02-23 14:00:00,76,20250220
2025-02-23 15:00:00,87,20250220
2025-02-23 16:00:00,106,20250220
2025-02-23 17:00:00,126,20250220
2025-02-23 18:00:00,128,20250220
2025-02-23 19:00:00,137,20250220
2025-02-23 20:00:00,128,20250220
2025-02-23 21:00:00,125,20250220
2025-02-23 22:00:00,78,20250220
2025-02-23 23:00:00,45,20250220
2025-02-24 00:00:00,12,20250220
2025-02-24 01:00:00,0,20250220
2025-02-24 02:00:00,0,20250220
2025-02-24 03:00:00,0,20250220
2025-02-24 04:00:00,0,20250220
2025-02-24 05:00:00,20,20250220
2025-02-24 06:00:00,122,20250220
2025-02-24 07:00:00,199,20250220
2025-02-24 08:00:00,218,20250220
2025-02-24 09:00:00,200,20250220
2025-02-24 10:00:00,180,20250220
2025-02-24 11:00:00,155,20250220
2025-02-24 12:00:00,131,20250220
2025-02-24 13:00:00,109,20250220
2025-02-24 14:00:00,114,20250220
2025-02-24 15:00:00,140,20250220
2025-02-24 16:00:00,184,20250220
2025-02-24 17:00:00,206,20250220
2025-02-24 18:00:00,204,20250220
2025-02-24 19:00:00,187,20250220
2025-02-24 20:00:00,169,20250220
2025-02-24 21:00:00,124,20250220
2025-02-24 22:00:00,81,20250220
2025-02-24 23:00:00,41,20250220
2025-02-25 00:00:00,14,20250220
2025-02-25 01:00:00,4,20250220
2025-02-25 02:00:00,0,20250220
2025-02-25 03:00:00,0,20250220
2025-02-25 04:00:00,0,20250220
2025-02-25 05:00:00,21,20250220
2025-02-25 06:00:00,122,20250220
2025-02-25 07:00:00,199,20250220
2025-02-25 08:00:00,218,20250220
2025-02-25 09:00:00,199,20250220
2025-02-25 10:00:00,179,20250220
2025-02-25 11:00:00,153,20250220
2025-02-25 12:00:00,128,20250220
2025-02-25 13:00:00,108,20250220
2025-02-25 14:00:00,113,20250220
2025-02-25 15:00:00,140,20250220
2025-02-25 16:00:00,184,20250220
2025-02-25 17:00:00,206,20250220
2025-02-25 18:00:00,204,20250220
2025-02-25 19:00:00,187,20250220
2025-02-25 20:00:00,168,20250220
2025-02-25 21:00:00,124,20250220
2025-02-25 22:00:00,81,20250220
2025-02-25 23:00:00,41,20250220
2025-02-26 00:00:00,14,20250220
2025-02-26 01:00:00,4,20250220
2025-02-26 02:00:00,0,20250220
2025-02-26 03:00:00,0,20250220
2025-02-26 04:00:00,0,20250220
2025-02-26 05:00:00,21,20250220
2025-02-26 06:00:00,121,20250220
2025-02-26 07:00:00,198,20250220
2025-02-26 08:00:00,216,20250220
2025-02-26 09:00:00,198,20250220
2025-02-26 10:00:00,179,20250220
2025-02-26 11:00:00,152,20250220
2025-02-26 12:00:00,127,20250220
2025-02-26 13:00:00,109,20250220
2025-02-26 14:00:00,112,20250220
2025-02-26 15:00:00,138,20250220
2025-02-26 16:00:00,182,20250220
2025-02-26 17:00:00,205,20250220
2025-02-26 18:00:00,203,20250220
2025-02-26 19:00:00,187,20250220
2025-02-26 20:00:00,166,20250220
2025-02-26 21:00:00,121,20250220
2025-02-26 22:00:00,82,20250220
2025-02-26 23:00:00,41,20250220
2025-02-27 00:00:00,14,20250220
2025-02-27 01:00:00,4,20250220
2025-02-27 02:00:00,0,20250220
2025-02-27 03:00:00,0,20250220
2025-02-27 04:00:00,0,20250220
2025-02-27 05:00:00,21,20250220
2025-02-27 06:00:00,121,20250220
2025-02-27 07:00:00,198,20250220
2025-02-27 08:00:00,216,20250220
2025-02-27 09:00:00,197,20250220
2025-02-27 10:00:00,178,20250220
2025-02-27 11:00:00,151,20250220
2025-02-27 12:00:00,129,20250220
2025-02-27 13:00:00,108,20250220
2025-02-27 14:00:00,113,20250220
2025-02-27 15:00:00,138,20250220
2025-02-27 16:00:00,182,20250220
2025-02-27 17:00:00,204,20250220
2025-02-27 18:00:00,202,20250220
2025-02-27 19:00:00,187,20250220
2025-02-27 20:00:00,165,20250220
2025-02-27 21:00:00,121,20250220
2025-02-27 22:00:00,82,20250220
2025-02-27 23:00:00,42,20250220
2025-02-28 00:00:00,14,20250220
2025-02-28 01:00:00,5,20250220
2025-02-28 02:00:00,0,20250220
2025-02-28 03:00:00,0,20250220
2025-02-28 04:00:00,0,20250220
2025-02-28 05:00:00,21,20250220
2025-02-28 06:00:00,121,20250220
2025-02-28 07:00:00,198,20250220
2025-02-28 08:00:00,216,20250220
2025-02-28 09:00:00,198,20250220
2025-02-28 10:00:00,178,20250220
2025-02-28 11:00:00,151,20250220
2025-02-28 12:00:00,127,20250220
2025-02-28 13:00:00,106,20250220
2025-02-28 14:00:00,112,20250220
2025-02-28 15:00:00,138,20250220
2025-02-28 16:00:00,182,20250220
2025-02-28 17:00:00,203,20250220
2025-02-28 18:00:00,201,20250220
2025-02-28 19:00:00,187,20250220
2025-02-28 20:00:00,166,20250220
2025-02-28 21:00:00,121,20250220
2025-02-28 22:00:00,82,20250220
2025-02-28 23:00:00,42,20250220
2025-03-01 00:00:00,14,20250220
2025-03-01 01:00:00,3,20250220
2025-03-01 02:00:00,0,20250220
2025-02-21 00:00:00,0,20250221
2025-02-21 01:00:00,1,20250221
2025-02-21 02:00:00,0,20250221
2025-02-21 03:00:00,0,20250221
2025-02-21 04:00:00,0,20250221
2025-02-21 05:00:00,60,20250221
2025-02-21 06:00:00,204,20250221
2025-02-21 07:00:00,317,20250221
2025-02-21 08:00:00,324,20250221
2025-02-21 09:00:00,270,20250221
2025-02-21 10:00:00,271,20250221
2025-02-21 11:00:00,271,20250221
2025-02-21 12:00:00,268,20250221
2025-02-21 13:00:00,270,20250221
2025-02-21 14:00:00,273,20250221
2025-02-21 15:00:00,270,20250221
2025-02-21 16:00:00,288,20250221
2025-02-21 17:00:00,336,20250221
2025-02-21 18:00:00,321,20250221
2025-02-21 19:00:00,282,20250221
2025-02-21 20:00:00,262,20250221
2025-02-21 21:00:00,239,20250221
2025-02-21 22:00:00,190,20250221
2025-02-21 23:00:00,97,20250221
2025-02-22 00:00:00,25,20250221
2025-02-22 01:00:00,1,20250221
2025-02-22 02:00:00,0,20250221
2025-02-22 03:00:00,0,20250221
2025-02-22 04:00:00,0,20250221
2025-02-22 05:00:00,6,20250221
2025-02-22 06:00:00,20,20250221
2025-02-22 07:00:00,61,20250221
2025-02-22 08:00:00,86,20250221
2025-02-22 09:00:00,90,20250221
2025-02-22 10:00:00,92,20250221
2025-02-22 11:00:00,82,20250221
2025-02-22 12:00:00,78,20250221
2025-02-22 13:00:00,55,20250221
2025-02-22 14:00:00,47,20250221
2025-02-22 15:00:00,56,20250221
2025-02-22 16:00:00,58,20250221
2025-02-22 17:00:00,81,20250221
2025-02-22 18:00:00,85,20250221
2025-02-22 19:00:00,88,20250221
2025-02-22 20:00:00,85,20250221
2025-02-22 21:00:00,83,20250221
2025-02-22 22:00:00,45,20250221
2025-02-22 23:00:00,26,20250221
2025-02-23 00:00:00,8,20250221
2025-02-23 01:00:00,0,20250221
2025-02-23 02:00:00,0,20250221
2025-02-23 03:00:00,0,20250221
2025-02-23 04:00:00,0,20250221
2025-02-23 05:00:00,7,20250221
2025-02-23 06:00:00,25,20250221
2025-02-23 07:00:00,86,20250221
2025-02-23 08:00:00,108,20250221
2025-02-23 09:00:00,125,20250221
2025-02-23 10:00:00,119,20250221
2025-02-23 11:00:00,114,20250221
2025-02-23 12:00:00,99,20250221
2025-02-23 13:00:00,76,20250221
2025-02-23 14:00:00,64,20250221
2025-02-23 15:00:00,75,20250221
2025-02-23 16:00:00,91,20250221
2025-02-23 17:00:00,113,20250221
2025-02-23 18:00:00,117,20250221
2025-02-23 19:00:00,122,20250221
2025-02-23 20:00:00,115,20250221
2025-02-23 21:00:00,110,20250221
2025-02-23 22:00:00,72,20250221
2025-02-23 23:00:00,41,20250221
2025-02-24 00:00:00,11,20250221
2025-02-24 01:00:00,0,20250221
2025-02-24 02:00:00,0,20250221
2025-02-24 03:00:00,0,20250221
2025-02-24 04:00:00,0,20250221
2025-02-24 05:00:00,18,20250221
2025-02-24 06:00:00,121,20250221
2025-02-24 07:00:00,190,20250221
2025-02-24 08:00:00,205,20250221
2025-02-24 09:00:00,199,20250221
2025-02-24 10:00:00,180,20250221
2025-02-24 11:00:00,155,20250221
2025-02-24 12:00:00,131,20250221
2025-02-24 13:00:00,108,20250221
2025-02-24 14:00:00,114,20250221
2025-02-24 15:00:00,139,20250221
2025-02-24 16:00:00,183,20250221
2025-02-24 17:00:00,205,20250221
2025-02-24 18:00:00,203,20250221
2025-02-24 19:00:00,188,20250221
2025-02-24 20:00:00,168,20250221
2025-02-24 21:00:00,124,20250221
2025-02-24 22:00:00,83,20250221
2025-02-24 23:00:00,43,20250221
2025-02-25 00:00:00,14,20250221
2025-02-25 01:00:00,4,20250221
2025-02-25 02:00:00,0,20250221
2025-02-25 03:00:00,0,20250221
2025-02-25 04:00:00,0,20250221
2025-02-25 05:00:00,19,20250221
2025-02-25 06:00:00,121,20250221
2025-02-25 07:00:00,191,20250221
2025-02-25 08:00:00,206,20250221
2025-02-25 09:00:00,198,20250221
2025-02-25 10:00:00,179,20250221
2025-02-25 11:00:00,153,20250221
2025-02-25 12:00:00,128,20250221
2025-02-25 13:00:00,107,20250221
2025-02-25 14:00:00,113,20250221
2025-02-25 15:00:00,140,20250221
2025-02-25 16:00:00,183,20250221
2025-02-25 17:00:00,205,20250221
2025-02-25 18:00:00,203,20250221
2025-02-25 19:00:00,188,20250221
2025-02-25 20:00:00,167,20250221
2025-02-25 21:00:00,124,20250221
2025-02-25 22:00:00,83,20250221
2025-02-25 23:00:00,43,20250221
2025-02-26 00:00:00,14,20250221
2025-02-26 01:00:00,4,20250221
2025-02-26 02:00:00,0,20250221
2025-02-26 03:00:00,0,20250221
2025-02-26 04:00:00,0,20250221
2025-02-26 05:00:00,19,20250221
2025-02-26 06:00:00,120,20250221
2025-02-26 07:00:00,192,20250221
2025-02-26 08:00:00,206,20250221
2025-02-26 09:00:00,199,20250221
2025-02-26 10:00:00,181,20250221
2025-02-26 11:00:00,153,20250221
2025-02-26 12:00:00,128,20250221
2025-02-26 13:00:00,109,20250221
2025-02-26 14:00:00,113,20250221
2025-02-26 15:00:00,139,20250221
2025-02-26 16:00:00,183,20250221
2025-02-26 17:00:00,206,20250221
2025-02-26 18:00:00,204,20250221
2025-02-26 19:00:00,188,20250221
2025-02-26 20:00:00,167,20250221
2025-02-26 21:00:00,122,20250221
2025-02-26 22:00:00,84,20250221
2025-02-26 23:00:00,43,20250221
2025-02-27 00:00:00,14,20250221
2025-02-27 01:00:00,4,20250221
2025-02-27 02:00:00,0,20250221
2025-02-27 03:00:00,0,20250221
2025-02-27 04:00:00,0,20250221
2025-02-27 05:00:00,19,20250221
2025-02-27 06:00:00,120,20250221
2025-02-27 07:00:00,192,20250221
2025-02-27 08:00:00,206,20250221
2025-02-27 09:00:00,198,20250221
2025-02-27 10:00:00,180,20250221
2025-02-27 11:00:00,152,20250221
2025-02-27 12:00:00,130,20250221
2025-02-27 13:00:00,108,20250221
2025-02-27 14:00:00,114,20250221
2025-02-27 15:00:00,139,20250221
2025-02-27 16:00:00,183,20250221
2025-02-27 17:00:00,205,20250221
2025-02-27 18:00:00,203,20250221
2025-02-27 19:00:00,188,20250221
2025-02-27 20:00:00,166,20250221
2025-02-27 21:00:00,122,20250221
2025-02-27 22:00:00,84,20250221
2025-02-27 23:00:00,42,20250221
2025-02-28 00:00:00,14,20250221
2025-02-28 01:00:00,5,20250221
2025-02-28 02:00:00,0,20250221
2025-02-28 03:00:00,0,20250221
2025-02-28 04:00:00,0,20250221
2025-02-28 05:00:00,19,20250221
2025-02-28 06:00:00,120,20250221
2025-02-28 07:00:00,192,20250221
2025-02-28 08:00:00,206,20250221
2025-02-28 09:00:00,199,20250221
2025-02-28 10:00:00,180,20250221
2025-02-28 11:00:00,152,20250221
2025-02-28 12:00:00,128,20250221
2025-02-28 13:00:00,106,20250221
2025-02-28 14:00:00,113,20250221
2025-02-28 15:00:00,139,20250221
2025-02-28 16:00:00,183,20250221
2025-02-28 17:00:00,204,20250221
2025-02-28 18:00:00,202,20250221
2025-02-28 19:00:00,188,20250221
2025-02-28 20:00:00,167,20250221
2025-02-28 21:00:00,122,20250221
2025-02-28 22:00:00,84,20250221
2025-02-28 23:00:00,42,20250221
2025-03-01 00:00:00,15,20250221
2025-03-01 01:00:00,5,20250221
2025-03-01 02:00:00,0,20250221
2025-03-01 03:00:00,0,20250221
2025-03-01 04:00:00,0,20250221
2025-03-01 05:00:00,8,20250221
2025-03-01 06:00:00,45,20250221
2025-03-01 07:00:00,120,20250221
2025-03-01 08:00:00,149,20250221
2025-03-01 09:00:00,157,20250221
2025-03-01 10:00:00,155,20250221
2025-03-01 11:00:00,160,20250221
2025-03-01 12:00:00,155,20250221
2025-03-01 13:00:00,160,20250221
2025-03-01 14:00:00,157,20250221
2025-03-01 15:00:00,160,20250221
2025-03-01 16:00:00,155,20250221
2025-03-01 17:00:00,158,20250221
2025-03-01 18:00:00,155,20250221
2025-03-01 19:00:00,158,20250221
2025-03-01 20:00:00,152,20250221
2025-03-01 21:00:00,153,20250221
2025-03-01 22:00:00,138,20250221
2025-03-01 23:00:00,98,20250221
2025-03-02 00:00:00,35,20250221
2025-03-02 01:00:00,4,20250221
2025-03-02 02:00:00,0,20250221
2025-02-22 04:00:00,0,20250222
2025-02-22 05:00:00,6,20250222
2025-02-22 06:00:00,21,20250222
2025-02-22 07:00:00,62,20250222
2025-02-22 08:00:00,88,20250222
2025-02-22 09:00:00,92,20250222
2025-02-22 10:00:00,93,20250222
2025-02-22 11:00:00,85,20250222
2025-02-22 12:00:00,80,20250222
2025-02-22 13:00:00,56,20250222
2025-02-22 14:00:00,50,20250222
2025-02-22 15:00:00,58,20250222
2025-02-22 16:00:00,59,20250222
2025-02-22 17:00:00,83,20250222
2025-02-22 18:00:00,86,20250222
2025-02-22 19:00:00,90,20250222
2025-02-22 20:00:00,87,20250222
2025-02-22 21:00:00,84,20250222
2025-02-22 22:00:00,45,20250222
2025-02-22 23:00:00,26,20250222
2025-02-23 00:00:00,8,20250222
2025-02-23 01:00:00,0,20250222
2025-02-23 02:00:00,0,20250222
2025-02-23 03:00:00,0,20250222
2025-02-23 04:00:00,0,20250222
2025-02-23 05:00:00,7,20250222
2025-02-23 06:00:00,26,20250222
2025-02-23 07:00:00,86,20250222
2025-02-23 08:00:00,109,20250222
2025-02-23 09:00:00,126,20250222
2025-02-23 10:00:00,120,20250222
2025-02-23 11:00:00,115,20250222
2025-02-23 12:00:00,101,20250222
2025-02-23 13:00:00,73,20250222
2025-02-23 14:00:00,62,20250222
2025-02-23 15:00:00,75,20250222
2025-02-23 16:00:00,92,20250222
2025-02-23 17:00:00,112,20250222
2025-02-23 18:00:00,117,20250222
2025-02-23 19:00:00,120,20250222
2025-02-23 20:00:00,116,20250222
2025-02-23 21:00:00,108,20250222
2025-02-23 22:00:00,66,20250222
2025-02-23 23:00:00,36,20250222
2025-02-24 00:00:00,11,20250222
2025-02-24 01:00:00,0,20250222
2025-02-24 02:00:00,0,20250222
2025-02-24 03:00:00,0,20250222
2025-02-24 04:00:00,0,20250222
2025-02-24 05:00:00,9,20250222
2025-02-24 06:00:00,58,20250222
2025-02-24 07:00:00,100,20250222
2025-02-24 08:00:00,112,20250222
2025-02-24 09:00:00,110,20250222
2025-02-24 10:00:00,96,20250222
2025-02-24 11:00:00,93,20250222
2025-02-24 12:00:00,77,20250222
2025-02-24 13:00:00,75,20250222
2025-02-24 14:00:00,73,20250222
2025-02-24 15:00:00,89,20250222
2025-02-24 16:00:00,112,20250222
2025-02-24 17:00:00,124,20250222
2025-02-24 18:00:00,127,20250222
2025-02-24 19:00:00,105,20250222
2025-02-24 20:00:00,92,20250222
2025-02-24 21:00:00,73,20250222
2025-02-24 22:00:00,51,20250222
2025-02-24 23:00:00,31,20250222
2025-02-25 00:00:00,11,20250222
2025-02-25 01:00:00,3,20250222
2025-02-25 02:00:00,0,20250222
2025-02-25 03:00:00,0,20250222
2025-02-25 04:00:00,0,20250222
2025-02-25 05:00:00,19,20250222
2025-02-25 06:00:00,121,20250222
2025-02-25 07:00:00,193,20250222
2025-02-25 08:00:00,210,20250222
2025-02-25 09:00:00,201,20250222
2025-02-25 10:00:00,183,20250222
2025-02-25 11:00:00,159,20250222
2025-02-25 12:00:00,130,20250222
2025-02-25 13:00:00,107,20250222
2025-02-25 14:00:00,113,20250222
2025-02-25 15:00:00,140,20250222
2025-02-25 16:00:00,188,20250222
2025-02-25 17:00:00,210,20250222
2025-02-25 18:00:00,207,20250222
2025-02-25 19:00:00,191,20250222
2025-02-25 20:00:00,169,20250222
2025-02-25 21:00:00,126,20250222
2025-02-25 22:00:00,83,20250222
2025-02-25 23:00:00,43,20250222
2025-02-26 00:00:00,14,20250222
2025-02-26 01:00:00,4,20250222
2025-02-26 02:00:00,0,20250222
2025-02-26 03:00:00,0,20250222
2025-02-26 04:00:00,0,20250222
2025-02-26 05:00:00,19,20250222
2025-02-26 06:00:00,120,20250222
2025-02-26 07:00:00,194,20250222
2025-02-26 08:00:00,210,20250222
2025-02-26 09:00:00,202,20250222
2025-02-26 10:00:00,185,20250222
2025-02-26 11:00:00,159,20250222
2025-02-26 12:00:00,130,20250222
2025-02-26 13:00:00,109,20250222
2025-02-26 14:00:00,113,20250222
2025-02-26 15:00:00,140,20250222
2025-02-26 16:00:00,188,20250222
2025-02-26 17:00:00,211,20250222
2025-02-26 18:00:00,207,20250222
2025-02-26 19:00:00,190,20250222
2025-02-26 20:00:00,169,20250222
2025-02-26 21:00:00,124,20250222
2025-02-26 22:00:00,84,20250222
2025-02-26 23:00:00,43,20250222
2025-02-27 00:00:00,14,20250222
2025-02-27 01:00:00,4,20250222
2025-02-27 02:00:00,0,20250222
2025-02-27 03:00:00,0,20250222
2025-02-27 04:00:00,0,20250222
2025-02-27 05:00:00,19,20250222
2025-02-27 06:00:00,120,20250222
2025-02-27 07:00:00,194,20250222
2025-02-27 08:00:00,210,20250222
2025-02-27 09:00:00,201,20250222
2025-02-27 10:00:00,184,20250222
2025-02-27 11:00:00,158,20250222
2025-02-27 12:00:00,132,20250222
2025-02-27 13:00:00,108,20250222
2025-02-27 14:00:00,114,20250222
2025-02-27 15:00:00,140,20250222
2025-02-27 16:00:00,188,20250222
2025-02-27 17:00:00,210,20250222
2025-02-27 18:00:00,206,20250222
2025-02-27 19:00:00,190,20250222
2025-02-27 20:00:00,168,20250222
2025-02-27 21:00:00,124,20250222
2025-02-27 22:00:00,84,20250222
2025-02-27 23:00:00,42,20250222
2025-02-28 00:00:00,14,20250222
2025-02-28 01:00:00,5,20250222
2025-02-28 02:00:00,0,20250222
2025-02-28 03:00:00,0,20250222
2025-02-28 04:00:00,0,20250222
2025-02-28 05:00:00,19,20250222
2025-02-28 06:00:00,120,20250222
2025-02-28 07:00:00,194,20250222
2025-02-28 08:00:00,210,20250222
2025-02-28 09:00:00,202,20250222
2025-02-28 10:00:00,184,20250222
2025-02-28 11:00:00,158,20250222
2025-02-28 12:00:00,130,20250222
2025-02-28 13:00:00,106,20250222
2025-02-28 14:00:00,113,20250222
2025-02-28 15:00:00,140,20250222
2025-02-28 16:00:00,188,20250222
2025-02-28 17:00:00,209,20250222
2025-02-28 18:00:00,205,20250222
2025-02-28 19:00:00,190,20250222
2025-02-28 20:00:00,169,20250222
2025-02-28 21:00:00,124,20250222
2025-02-28 22:00:00,84,20250222
2025-02-28 23:00:00,42,20250222
2025-03-01 00:00:00,15,20250222
2025-03-01 01:00:00,5,20250222
2025-03-01 02:00:00,0,20250222
2025-03-01 03:00:00,0,20250222
2025-03-01 04:00:00,0,20250222
2025-03-01 05:00:00,8,20250222
2025-03-01 06:00:00,45,20250222
2025-03-01 07:00:00,120,20250222
2025-03-01 08:00:00,149,20250222
2025-03-01 09:00:00,157,20250222
2025-03-01 10:00:00,155,20250222
2025-03-01 11:00:00,160,20250222
2025-03-01 12:00:00,155,20250222
2025-03-01 13:00:00,160,20250222
2025-03-01 14:00:00,157,20250222
2025-03-01 15:00:00,160,20250222
2025-03-01 16:00:00,155,20250222
2025-03-01 17:00:00,158,20250222
2025-03-01 18:00:00,155,20250222
2025-03-01 19:00:00,158,20250222
2025-03-01 20:00:00,152,20250222
2025-03-01 21:00:00,153,20250222
2025-03-01 22:00:00,138,20250222
2025-03-01 23:00:00,98,20250222
2025-03-02 00:00:00,36,20250222
2025-03-02 01:00:00,5,20250222
2025-03-02 02:00:00,0,20250222
2025-03-02 03:00:00,0,20250222
2025-03-02 04:00:00,0,20250222
2025-03-02 05:00:00,7,20250222
2025-03-02 06:00:00,44,20250222
2025-03-02 07:00:00,114,20250222
2025-03-02 08:00:00,139,20250222
2025-03-02 09:00:00,145,20250222
2025-03-02 10:00:00,142,20250222
2025-03-02 11:00:00,146,20250222
2025-03-02 12:00:00,141,20250222
2025-03-02 13:00:00,146,20250222
2025-03-02 14:00:00,143,20250222
2025-03-02 15:00:00,147,20250222
2025-03-02 16:00:00,143,20250222
2025-03-02 17:00:00,146,20250222
2025-03-02 18:00:00,145,20250222
2025-03-02 19:00:00,152,20250222
2025-03-02 20:00:00,154,20250222
2025-03-02 21:00:00,155,20250222
2025-03-02 22:00:00,134,20250222
2025-03-02 23:00:00,94,20250222
2025-03-03 00:00:00,35,20250222
2025-03-03 01:00:00,4,20250222
2025-03-03 02:00:00,0,20250222
2025-03-03 03:00:00,0,20250222
2025-03-03 04:00:00,0,20250222
2025-03-03 05:00:00,0,20250222
2025-03-03 06:00:00,0,20250222
2025-03-03 07:00:00,0,20250222
2025-03-03 08:00:00,0,20250222
2025-03-03 09:00:00,1,20250222
2025-03-03 10:00:00,0,20250222
2025-02-23 00:00:00,0,20250223
2025-02-23 01:00:00,0,20250223
2025-02-23 02:00:00,0,20250223
2025-02-23 03:00:00,0,20250223
2025-02-23 04:00:00,0,20250223
2025-02-23 05:00:00,7,20250223
2025-02-23 06:00:00,25,20250223
2025-02-23 07:00:00,84,20250223
2025-02-23 08:00:00,108,20250223
2025-02-23 09:00:00,122,20250223
2025-02-23 10:00:00,116,20250223
2025-02-23 11:00:00,114,20250223
2025-02-23 12:00:00,94,20250223
2025-02-23 13:00:00,71,20250223
2025-02-23 14:00:00,63,20250223
2025-02-23 15:00:00,74,20250223
2025-02-23 16:00:00,87,20250223
2025-02-23 17:00:00,107,20250223
2025-02-23 18:00:00,115,20250223
2025-02-23 19:00:00,121,20250223
2025-02-23 20:00:00,119,20250223
2025-02-23 21:00:00,109,20250223
2025-02-23 22:00:00,58,20250223
2025-02-23 23:00:00,32,20250223
2025-02-24 00:00:00,8,20250223
2025-02-24 01:00:00,0,20250223
2025-02-24 02:00:00,0,20250223
2025-02-24 03:00:00,0,20250223
2025-02-24 04:00:00,0,20250223
2025-02-24 05:00:00,7,20250223
2025-02-24 06:00:00,44,20250223
2025-02-24 07:00:00,79,20250223
2025-02-24 08:00:00,86,20250223
2025-02-24 09:00:00,86,20250223
2025-02-24 10:00:00,74,20250223
2025-02-24 11:00:00,69,20250223
2025-02-24 12:00:00,55,20250223
2025-02-24 13:00:00,58,20250223
2025-02-24 14:00:00,60,20250223
2025-02-24 15:00:00,72,20250223
2025-02-24 16:00:00,98,20250223
2025-02-24 17:00:00,103,20250223
2025-02-24 18:00:00,99,20250223
2025-02-24 19:00:00,81,20250223
2025-02-24 20:00:00,71,20250223
2025-02-24 21:00:00,53,20250223
2025-02-24 22:00:00,35,20250223
2025-02-24 23:00:00,22,20250223
2025-02-25 00:00:00,9,20250223
2025-02-25 01:00:00,2,20250223
2025-02-25 02:00:00,0,20250223
2025-02-25 03:00:00,0,20250223
2025-02-25 04:00:00,0,20250223
2025-02-25 05:00:00,10,20250223
2025-02-25 06:00:00,63,20250223
2025-02-25 07:00:00,100,20250223
2025-02-25 08:00:00,116,20250223
2025-02-25 09:00:00,107,20250223
2025-02-25 10:00:00,98,20250223
2025-02-25 11:00:00,87,20250223
2025-02-25 12:00:00,74,20250223
2025-02-25 13:00:00,71,20250223
2025-02-25 14:00:00,71,20250223
2025-02-25 15:00:00,86,20250223
2025-02-25 16:00:00,118,20250223
2025-02-25 17:00:00,124,20250223
2025-02-25 18:00:00,114,20250223
2025-02-25 19:00:00,108,20250223
2025-02-25 20:00:00,84,20250223
2025-02-25 21:00:00,65,20250223
2025-02-25 22:00:00,44,20250223
2025-02-25 23:00:00,22,20250223
2025-02-26 00:00:00,8,20250223
2025-02-26 01:00:00,2,20250223
2025-02-26 02:00:00,0,20250223
2025-02-26 03:00:00,0,20250223
2025-02-26 04:00:00,0,20250223
2025-02-26 05:00:00,19,20250223
2025-02-26 06:00:00,120,20250223
2025-02-26 07:00:00,195,20250223
2025-02-26 08:00:00,212,20250223
2025-02-26 09:00:00,202,20250223
2025-02-26 10:00:00,184,20250223
2025-02-26 11:00:00,159,20250223
2025-02-26 12:00:00,129,20250223
2025-02-26 13:00:00,108,20250223
2025-02-26 14:00:00,113,20250223
2025-02-26 15:00:00,140,20250223
2025-02-26 16:00:00,188,20250223
2025-02-26 17:00:00,210,20250223
2025-02-26 18:00:00,206,20250223
2025-02-26 19:00:00,190,20250223
2025-02-26 20:00:00,169,20250223
2025-02-26 21:00:00,123,20250223
2025-02-26 22:00:00,84,20250223
2025-02-26 23:00:00,43,20250223
2025-02-27 00:00:00,14,20250223
2025-02-27 01:00:00,4,20250223
2025-02-27 02:00:00,0,20250223
2025-02-27 03:00:00,0,20250223
2025-02-27 04:00:00,0,20250223
2025-02-27 05:00:00,19,20250223
2025-02-27 06:00:00,120,20250223
2025-02-27 07:00:00,195,20250223
2025-02-27 08:00:00,212,20250223
2025-02-27 09:00:00,201,20250223
2025-02-27 10:00:00,183,20250223
2025-02-27 11:00:00,158,20250223
2025-02-27 12:00:00,131,20250223
2025-02-27 13:00:00,107,20250223
2025-02-27 14:00:00,114,20250223
2025-02-27 15:00:00,140,20250223
2025-02-27 16:00:00,188,20250223
2025-02-27 17:00:00,209,20250223
2025-02-27 18:00:00,205,20250223
2025-02-27 19:00:00,190,20250223
2025-02-27 20:00:00,168,20250223
2025-02-27 21:00:00,123,20250223
2025-02-27 22:00:00,84,20250223
2025-02-27 23:00:00,42,20250223
2025-02-28 00:00:00,14,20250223
2025-02-28 01:00:00,5,20250223
2025-02-28 02:00:00,0,20250223
2025-02-28 03:00:00,0,20250223
2025-02-28 04:00:00,0,20250223
2025-02-28 05:00:00,19,20250223
2025-02-28 06:00:00,120,20250223
2025-02-28 07:00:00,195,20250223
2025-02-28 08:00:00,212,20250223
2025-02-28 09:00:00,202,20250223
2025-02-28 10:00:00,183,20250223
2025-02-28 11:00:00,158,20250223
2025-02-28 12:00:00,129,20250223
2025-02-28 13:00:00,105,20250223
2025-02-28 14:00:00,113,20250223
2025-02-28 15:00:00,140,20250223
2025-02-28 16:00:00,188,20250223
2025-02-28 17:00:00,208,20250223
2025-02-28 18:00:00,204,20250223
2025-02-28 19:00:00,190,20250223
2025-02-28 20:00:00,169,20250223
2025-02-28 21:00:00,123,20250223
2025-02-28 22:00:00,84,20250223
2025-02-28 23:00:00,42,20250223
2025-03-01 00:00:00,15,20250223
2025-03-01 01:00:00,5,20250223
2025-03-01 02:00:00,0,20250223
2025-03-01 03:00:00,0,20250223
2025-03-01 04:00:00,0,20250223
2025-03-01 05:00:00,8,20250223
2025-03-01 06:00:00,45,20250223
2025-03-01 07:00:00,120,20250223
2025-03-01 08:00:00,149,20250223
2025-03-01 09:00:00,157,20250223
2025-03-01 10:00:00,155,20250223
2025-03-01 11:00:00,160,20250223
2025-03-01 12:00:00,155,20250223
2025-03-01 13:00:00,160,20250223
2025-03-01 14:00:00,157,20250223
2025-03-01 15:00:00,160,20250223
2025-03-01 16:00:00,155,20250223
2025-03-01 17:00:00,158,20250223
2025-03-01 18:00:00,155,20250223
2025-03-01 19:00:00,158,20250223
2025-03-01 20:00:00,152,20250223
2025-03-01 21:00:00,153,20250223
2025-03-01 22:00:00,138,20250223
2025-03-01 23:00:00,98,20250223
2025-03-02 00:00:00,36,20250223
2025-03-02 01:00:00,5,20250223
2025-03-02 02:00:00,0,20250223
2025-03-02 03:00:00,0,20250223
2025-03-02 04:00:00,0,20250223
2025-03-02 05:00:00,7,20250223
2025-03-02 06:00:00,44,20250223
2025-03-02 07:00:00,114,20250223
2025-03-02 08:00:00,139,20250223
2025-03-02 09:00:00,145,20250223
2025-03-02 10:00:00,142,20250223
2025-03-02 11:00:00,146,20250223
2025-03-02 12:00:00,141,20250223
2025-03-02 13:00:00,146,20250223
2025-03-02 14:00:00,143,20250223
2025-03-02 15:00:00,147,20250223
2025-03-02 16:00:00,143,20250223
2025-03-02 17:00:00,146,20250223
2025-03-02 18:00:00,145,20250223
2025-03-02 19:00:00,152,20250223
2025-03-02 20:00:00,154,20250223
2025-03-02 21:00:00,155,20250223
2025-03-02 22:00:00,134,20250223
2025-03-02 23:00:00,94,20250223
2025-03-03 00:00:00,35,20250223
2025-03-03 01:00:00,4,20250223
2025-03-03 02:00:00,0,20250223
2025-03-03 03:00:00,0,20250223
2025-03-03 04:00:00,0,20250223
2025-03-03 05:00:00,60,20250223
2025-03-03 06:00:00,204,20250223
2025-03-03 07:00:00,319,20250223
2025-03-03 08:00:00,323,20250223
2025-03-03 09:00:00,264,20250223
2025-03-03 10:00:00,262,20250223
2025-03-03 11:00:00,262,20250223
2025-03-03 12:00:00,262,20250223
2025-03-03 13:00:00,263,20250223
2025-03-03 14:00:00,267,20250223
2025-03-03 15:00:00,264,20250223
2025-03-03 16:00:00,281,20250223
2025-03-03 17:00:00,334,20250223
2025-03-03 18:00:00,317,20250223
2025-03-03 19:00:00,277,20250223
2025-03-03 20:00:00,257,20250223
2025-03-03 21:00:00,235,20250223
2025-03-03 22:00:00,202,20250223
2025-03-03 23:00:00,134,20250223
2025-03-04 00:00:00,39,20250223
2025-03-04 01:00:00,3,20250223
2025-03-04 02:00:00,0,20250223
2025-02-24 04:00:00,0,20250224
2025-02-24 05:00:00,6,20250224
2025-02-24 06:00:00,43,20250224
2025-02-24 07:00:00,79,20250224
2025-02-24 08:00:00,86,20250224
2025-02-24 09:00:00,85,20250224
2025-02-24 10:00:00,74,20250224
2025-02-24 11:00:00,67,20250224
2025-02-24 12:00:00,54,20250224
2025-02-24 13:00:00,52,20250224
2025-02-24 14:00:00,51,20250224
2025-02-24 15:00:00,68,20250224
2025-02-24 16:00:00,95,20250224
2025-02-24 17:00:00,102,20250224
2025-02-24 18:00:00,98,20250224
2025-02-24 19:00:00,81,20250224
2025-02-24 20:00:00,69,20250224
2025-02-24 21:00:00,48,20250224
2025-02-24 22:00:00,25,20250224
2025-02-24 23:00:00,12,20250224
2025-02-25 00:00:00,3,20250224
2025-02-25 01:00:00,0,20250224
2025-02-25 02:00:00,0,20250224
2025-02-25 03:00:00,0,20250224
2025-02-25 04:00:00,0,20250224
2025-02-25 05:00:00,8,20250224
2025-02-25 06:00:00,55,20250224
2025-02-25 07:00:00,93,20250224
2025-02-25 08:00:00,104,20250224
2025-02-25 09:00:00,99,20250224
2025-02-25 10:00:00,89,20250224
2025-02-25 11:00:00,81,20250224
2025-02-25 12:00:00,66,20250224
2025-02-25 13:00:00,62,20250224
2025-02-25 14:00:00,60,20250224
2025-02-25 15:00:00,75,20250224
2025-02-25 16:00:00,108,20250224
2025-02-25 17:00:00,114,20250224
2025-02-25 18:00:00,103,20250224
2025-02-25 19:00:00,96,20250224
2025-02-25 20:00:00,73,20250224
2025-02-25 21:00:00,52,20250224
2025-02-25 22:00:00,27,20250224
2025-02-25 23:00:00,11,20250224
2025-02-26 00:00:00,2,20250224
2025-02-26 01:00:00,0,20250224
2025-02-26 02:00:00,0,20250224
2025-02-26 03:00:00,0,20250224
2025-02-26 04:00:00,0,20250224
2025-02-26 05:00:00,12,20250224
2025-02-26 06:00:00,76,20250224
2025-02-26 07:00:00,136,20250224
2025-02-26 08:00:00,146,20250224
2025-02-26 09:00:00,141,20250224
2025-02-26 10:00:00,120,20250224
2025-02-26 11:00:00,104,20250224
2025-02-26 12:00:00,86,20250224
2025-02-26 13:00:00,71,20250224
2025-02-26 14:00:00,72,20250224
2025-02-26 15:00:00,98,20250224
2025-02-26 16:00:00,138,20250224
2025-02-26 17:00:00,157,20250224
2025-02-26 18:00:00,152,20250224
2025-02-26 19:00:00,132,20250224
2025-02-26 20:00:00,116,20250224
2025-02-26 21:00:00,80,20250224
2025-02-26 22:00:00,50,20250224
2025-02-26 23:00:00,24,20250224
2025-02-27 00:00:00,5,20250224
2025-02-27 01:00:00,1,20250224
2025-02-27 02:00:00,0,20250224
2025-02-27 03:00:00,0,20250224
2025-02-27 04:00:00,0,20250224
2025-02-27 05:00:00,18,20250224
2025-02-27 06:00:00,120,20250224
2025-02-27 07:00:00,195,20250224
2025-02-27 08:00:00,212,20250224
2025-02-27 09:00:00,201,20250224
2025-02-27 10:00:00,180,20250224
2025-02-27 11:00:00,156,20250224
2025-02-27 12:00:00,129,20250224
2025-02-27 13:00:00,101,20250224
2025-02-27 14:00:00,107,20250224
2025-02-27 15:00:00,136,20250224
2025-02-27 16:00:00,187,20250224
2025-02-27 17:00:00,209,20250224
2025-02-27 18:00:00,204,20250224
2025-02-27 19:00:00,190,20250224
2025-02-27 20:00:00,167,20250224
2025-02-27 21:00:00,118,20250224
2025-02-27 22:00:00,73,20250224
2025-02-27 23:00:00,34,20250224
2025-02-28 00:00:00,8,20250224
2025-02-28 01:00:00,2,20250224
2025-02-28 02:00:00,0,20250224
2025-02-28 03:00:00,0,20250224
2025-02-28 04:00:00,0,20250224
2025-02-28 05:00:00,18,20250224
2025-02-28 06:00:00,120,20250224
2025-02-28 07:00:00,195,20250224
2025-02-28 08:00:00,212,20250224
2025-02-28 09:00:00,202,20250224
2025-02-28 10:00:00,180,20250224
2025-02-28 11:00:00,156,20250224
2025-02-28 12:00:00,127,20250224
2025-02-28 13:00:00,99,20250224
2025-02-28 14:00:00,106,20250224
2025-02-28 15:00:00,136,20250224
2025-02-28 16:00:00,187,20250224
2025-02-28 17:00:00,208,20250224
2025-02-28 18:00:00,203,20250224
2025-02-28 19:00:00,190,20250224
2025-02-28 20:00:00,168,20250224
2025-02-28 21:00:00,118,20250224
2025-02-28 22:00:00,73,20250224
2025-02-28 23:00:00,34,20250224
2025-03-01 00:00:00,9,20250224
2025-03-01 01:00:00,3,20250224
2025-03-01 02:00:00,0,20250224
2025-03-01 03:00:00,0,20250224
2025-03-01 04:00:00,0,20250224
2025-03-01 05:00:00,5,20250224
2025-03-01 06:00:00,29,20250224
2025-03-01 07:00:00,97,20250224
2025-03-01 08:00:00,118,20250224
2025-03-01 09:00:00,134,20250224
2025-03-01 10:00:00,129,20250224
2025-03-01 11:00:00,131,20250224
2025-03-01 12:00:00,119,20250224
2025-03-01 13:00:00,104,20250224
2025-03-01 14:00:00,96,20250224
2025-03-01 15:00:00,105,20250224
2025-03-01 16:00:00,114,20250224
2025-03-01 17:00:00,120,20250224
2025-03-01 18:00:00,124,20250224
2025-03-01 19:00:00,136,20250224
2025-03-01 20:00:00,125,20250224
2025-03-01 21:00:00,124,20250224
2025-03-01 22:00:00,89,20250224
2025-03-01 23:00:00,55,20250224
2025-03-02 00:00:00,18,20250224
2025-03-02 01:00:00,3,20250224
2025-03-02 02:00:00,0,20250224
2025-03-02 03:00:00,0,20250224
2025-03-02 04:00:00,0,20250224
2025-03-02 05:00:00,5,20250224
2025-03-02 06:00:00,29,20250224
2025-03-02 07:00:00,91,20250224
2025-03-02 08:00:00,112,20250224
2025-03-02 09:00:00,127,20250224
2025-03-02 10:00:00,121,20250224
2025-03-02 11:00:00,121,20250224
2025-03-02 12:00:00,109,20250224
2025-03-02 13:00:00,95,20250224
2025-03-02 14:00:00,90,20250224
2025-03-02 15:00:00,100,20250224
2025-03-02 16:00:00,112,20250224
2025-03-02 17:00:00,119,20250224
2025-03-02 18:00:00,124,20250224
2025-03-02 19:00:00,132,20250224
2025-03-02 20:00:00,125,20250224
2025-03-02 21:00:00,123,20250224
2025-03-02 22:00:00,91,20250224
2025-03-02 23:00:00,57,20250224
2025-03-03 00:00:00,18,20250224
2025-03-03 01:00:00,2,20250224
2025-03-03 02:00:00,0,20250224
2025-03-03 03:00:00,0,20250224
2025-03-03 04:00:00,0,20250224
2025-03-03 05:00:00,60,20250224
2025-03-03 06:00:00,204,20250224
2025-03-03 07:00:00,319,20250224
2025-03-03 08:00:00,323,20250224
2025-03-03 09:00:00,264,20250224
2025-03-03 10:00:00,262,20250224
2025-03-03 11:00:00,262,20250224
2025-03-03 12:00:00,262,20250224
2025-03-03 13:00:00,264,20250224
2025-03-03 14:00:00,268,20250224
2025-03-03 15:00:00,264,20250224
2025-03-03 16:00:00,281,20250224
2025-03-03 17:00:00,334,20250224
2025-03-03 18:00:00,317,20250224
2025-03-03 19:00:00,277,20250224
2025-03-03 20:00:00,257,20250224
2025-03-03 21:00:00,235,20250224
2025-03-03 22:00:00,202,20250224
2025-03-03 23:00:00,134,20250224
2025-03-04 00:00:00,39,20250224
2025-03-04 01:00:00,4,20250224
2025-03-04 02:00:00,0,20250224
2025-03-04 03:00:00,0,20250224
2025-03-04 04:00:00,0,20250224
2025-03-04 05:00:00,60,20250224
2025-03-04 06:00:00,204,20250224
2025-03-04 07:00:00,319,20250224
2025-03-04 08:00:00,323,20250224
2025-03-04 09:00:00,263,20250224
2025-03-04 10:00:00,262,20250224
2025-03-04 11:00:00,262,20250224
2025-03-04 12:00:00,262,20250224
2025-03-04 13:00:00,263,20250224
2025-03-04 14:00:00,267,20250224
2025-03-04 15:00:00,264,20250224
2025-03-04 16:00:00,281,20250224
2025-03-04 17:00:00,334,20250224
2025-03-04 18:00:00,317,20250224
2025-03-04 19:00:00,278,20250224
2025-03-04 20:00:00,256,20250224
2025-03-04 21:00:00,235,20250224
2025-03-04 22:00:00,202,20250224
2025-03-04 23:00:00,134,20250224
2025-03-05 00:00:00,39,20250224
2025-03-05 01:00:00,3,20250224
2025-03-05 02:00:00,0,20250224
2025-03-05 03:00:00,0,20250224
2025-03-05 04:00:00,0,20250224
2025-03-05 05:00:00,0,20250224
2025-03-05 06:00:00,0,20250224
2025-03-05 07:00:00,0,20250224
2025-03-05 08:00:00,0,20250224
2025-03-05 09:00:00,1,20250224
2025-03-05 10:00:00,0,20250224
2025-02-25 04:00:00,0,20250225
2025-02-25 05:00:00,8,20250225
2025-02-25 06:00:00,54,20250225
2025-02-25 07:00:00,90,20250225
2025-02-25 08:00:00,105,20250225
2025-02-25 09:00:00,97,20250225
2025-02-25 10:00:00,88,20250225
2025-02-25 11:00:00,79,20250225
2025-02-25 12:00:00,67,20250225
2025-02-25 13:00:00,61,20250225
2025-02-25 14:00:00,60,20250225
2025-02-25 15:00:00,73,20250225
2025-02-25 16:00:00,105,20250225
2025-02-25 17:00:00,110,20250225
2025-02-25 18:00:00,97,20250225
2025-02-25 19:00:00,94,20250225
2025-02-25 20:00:00,74,20250225
2025-02-25 21:00:00,52,20250225
2025-02-25 22:00:00,26,20250225
2025-02-25 23:00:00,11,20250225
2025-02-26 00:00:00,2,20250225
2025-02-26 01:00:00,0,20250225
2025-02-26 02:00:00,0,20250225
2025-02-26 03:00:00,0,20250225
2025-02-26 04:00:00,0,20250225
2025-02-26 05:00:00,11,20250225
2025-02-26 06:00:00,74,20250225
2025-02-26 07:00:00,133,20250225
2025-02-26 08:00:00,143,20250225
2025-02-26 09:00:00,140,20250225
2025-02-26 10:00:00,119,20250225
2025-02-26 11:00:00,103,20250225
2025-02-26 12:00:00,84,20250225
2025-02-26 13:00:00,70,20250225
2025-02-26 14:00:00,71,20250225
2025-02-26 15:00:00,97,20250225
2025-02-26 16:00:00,138,20250225
2025-02-26 17:00:00,156,20250225
2025-02-26 18:00:00,149,20250225
2025-02-26 19:00:00,130,20250225
2025-02-26 20:00:00,113,20250225
2025-02-26 21:00:00,77,20250225
2025-02-26 22:00:00,48,20250225
2025-02-26 23:00:00,23,20250225
2025-02-27 00:00:00,5,20250225
2025-02-27 01:00:00,1,20250225
2025-02-27 02:00:00,0,20250225
2025-02-27 03:00:00,0,20250225
2025-02-27 04:00:00,0,20250225
2025-02-27 05:00:00,11,20250225
2025-02-27 06:00:00,77,20250225
2025-02-27 07:00:00,128,20250225
2025-02-27 08:00:00,150,20250225
2025-02-27 09:00:00,144,20250225
2025-02-27 10:00:00,122,20250225
2025-02-27 11:00:00,112,20250225
2025-02-27 12:00:00,95,20250225
2025-02-27 13:00:00,77,20250225
2025-02-27 14:00:00,83,20250225
2025-02-27 15:00:00,103,20250225
2025-02-27 16:00:00,147,20250225
2025-02-27 17:00:00,163,20250225
2025-02-27 18:00:00,153,20250225
2025-02-27 19:00:00,135,20250225
2025-02-27 20:00:00,121,20250225
2025-02-27 21:00:00,82,20250225
2025-02-27 22:00:00,52,20250225
2025-02-27 23:00:00,22,20250225
2025-02-28 00:00:00,5,20250225
2025-02-28 01:00:00,1,20250225
2025-02-28 02:00:00,0,20250225
2025-02-28 03:00:00,0,20250225
2025-02-28 04:00:00,0,20250225
2025-02-28 05:00:00,18,20250225
2025-02-28 06:00:00,120,20250225
2025-02-28 07:00:00,195,20250225
2025-02-28 08:00:00,214,20250225
2025-02-28 09:00:00,204,20250225
2025-02-28 10:00:00,181,20250225
2025-02-28 11:00:00,156,20250225
2025-02-28 12:00:00,127,20250225
2025-02-28 13:00:00,99,20250225
2025-02-28 14:00:00,106,20250225
2025-02-28 15:00:00,136,20250225
2025-02-28 16:00:00,186,20250225
2025-02-28 17:00:00,209,20250225
2025-02-28 18:00:00,204,20250225
2025-02-28 19:00:00,192,20250225
2025-02-28 20:00:00,169,20250225
2025-02-28 21:00:00,118,20250225
2025-02-28 22:00:00,73,20250225
2025-02-28 23:00:00,34,20250225
2025-03-01 00:00:00,9,20250225
2025-03-01 01:00:00,3,20250225
2025-03-01 02:00:00,0,20250225
2025-03-01 03:00:00,0,20250225
2025-03-01 04:00:00,0,20250225
2025-03-01 05:00:00,5,20250225
2025-03-01 06:00:00,29,20250225
2025-03-01 07:00:00,97,20250225
2025-03-01 08:00:00,118,20250225
2025-03-01 09:00:00,134,20250225
2025-03-01 10:00:00,129,20250225
2025-03-01 11:00:00,131,20250225
2025-03-01 12:00:00,117,20250225
2025-03-01 13:00:00,102,20250225
2025-03-01 14:00:00,95,20250225
2025-03-01 15:00:00,104,20250225
2025-03-01 16:00:00,114,20250225
2025-03-01 17:00:00,120,20250225
2025-03-01 18:00:00,124,20250225
2025-03-01 19:00:00,136,20250225
2025-03-01 20:00:00,124,20250225
2025-03-01 21:00:00,123,20250225
2025-03-01 22:00:00,89,20250225
2025-03-01 23:00:00,55,20250225
2025-03-02 00:00:00,18,20250225
2025-03-02 01:00:00,3,20250225
2025-03-02 02:00:00,0,20250225
2025-03-02 03:00:00,0,20250225
2025-03-02 04:00:00,0,20250225
2025-03-02 05:00:00,5,20250225
2025-03-02 06:00:00,29,20250225
2025-03-02 07:00:00,91,20250225
2025-03-02 08:00:00,112,20250225
2025-03-02 09:00:00,127,20250225
2025-03-02 10:00:00,121,20250225
2025-03-02 11:00:00,121,20250225
2025-03-02 12:00:00,107,20250225
2025-03-02 13:00:00,93,20250225
2025-03-02 14:00:00,89,20250225
2025-03-02 15:00:00,99,20250225
2025-03-02 16:00:00,112,20250225
2025-03-02 17:00:00,119,20250225
2025-03-02 18:00:00,124,20250225
2025-03-02 19:00:00,132,20250225
2025-03-02 20:00:00,124,20250225
2025-03-02 21:00:00,122,20250225
2025-03-02 22:00:00,91,20250225
2025-03-02 23:00:00,57,20250225
2025-03-03 00:00:00,18,20250225
2025-03-03 01:00:00,2,20250225
2025-03-03 02:00:00,0,20250225
2025-03-03 03:00:00,0,20250225
2025-03-03 04:00:00,0,20250225
2025-03-03 05:00:00,60,20250225
2025-03-03 06:00:00,204,20250225
2025-03-03 07:00:00,319,20250225
2025-03-03 08:00:00,324,20250225
2025-03-03 09:00:00,266,20250225
2025-03-03 10:00:00,264,20250225
2025-03-03 11:00:00,262,20250225
2025-03-03 12:00:00,262,20250225
2025-03-03 13:00:00,264,20250225
2025-03-03 14:00:00,268,20250225
2025-03-03 15:00:00,264,20250225
2025-03-03 16:00:00,281,20250225
2025-03-03 17:00:00,335,20250225
2025-03-03 18:00:00,318,20250225
2025-03-03 19:00:00,278,20250225
2025-03-03 20:00:00,257,20250225
2025-03-03 21:00:00,235,20250225
2025-03-03 22:00:00,202,20250225
2025-03-03 23:00:00,134,20250225
2025-03-04 00:00:00,39,20250225
2025-03-04 01:00:00,4,20250225
2025-03-04 02:00:00,0,20250225
2025-03-04 03:00:00,0,20250225
2025-03-04 04:00:00,0,20250225
2025-03-04 05:00:00,60,20250225
2025-03-04 06:00:00,204,20250225
2025-03-04 07:00:00,319,20250225
2025-03-04 08:00:00,324,20250225
2025-03-04 09:00:00,265,20250225
2025-03-04 10:00:00,264,20250225
2025-03-04 11:00:00,262,20250225
2025-03-04 12:00:00,262,20250225
2025-03-04 13:00:00,263,20250225
2025-03-04 14:00:00,267,20250225
2025-03-04 15:00:00,264,20250225
2025-03-04 16:00:00,281,20250225
2025-03-04 17:00:00,335,20250225
2025-03-04 18:00:00,318,20250225
2025-03-04 19:00:00,279,20250225
2025-03-04 20:00:00,256,20250225
2025-03-04 21:00:00,235,20250225
2025-03-04 22:00:00,202,20250225
2025-03-04 23:00:00,134,20250225
2025-03-05 00:00:00,39,20250225
2025-03-05 01:00:00,4,20250225
2025-03-05 02:00:00,0,20250225
2025-03-05 03:00:00,0,20250225
2025-03-05 04:00:00,0,20250225
2025-03-05 05:00:00,60,20250225
2025-03-05 06:00:00,204,20250225
2025-03-05 07:00:00,319,20250225
2025-03-05 08:00:00,324,20250225
2025-03-05 09:00:00,266,20250225
2025-03-05 10:00:00,264,20250225
2025-03-05 11:00:00,262,20250225
2025-03-05 12:00:00,262,20250225
2025-03-05 13:00:00,272,20250225
2025-03-05 14:00:00,268,20250225
2025-03-05 15:00:00,264,20250225
2025-03-05 16:00:00,281,20250225
2025-03-05 17:00:00,336,20250225
2025-03-05 18:00:00,319,20250225
2025-03-05 19:00:00,278,20250225
2025-03-05 20:00:00,257,20250225
2025-03-05 21:00:00,235,20250225
2025-03-05 22:00:00,202,20250225
2025-03-05 23:00:00,134,20250225
2025-03-06 00:00:00,39,20250225
2025-03-06 01:00:00,3,20250225
2025-03-06 02:00:00,0,20250225
2025-02-26 04:00:00,0,20250226
2025-02-26 05:00:00,11,20250226
2025-02-26 06:00:00,73,20250226
2025-02-26 07:00:00,128,20250226
2025-02-26 08:00:00,140,20250226
2025-02-26 09:00:00,138,20250226
2025-02-26 10:00:00,118,20250226
2025-02-26 11:00:00,102,20250226
2025-02-26 12:00:00,84,20250226
2025-02-26 13:00:00,67,20250226
2025-02-26 14:00:00,70,20250226
2025-02-26 15:00:00,99,20250226
2025-02-26 16:00:00,136,20250226
2025-02-26 17:00:00,151,20250226
2025-02-26 18:00:00,146,20250226
2025-02-26 19:00:00,126,20250226
2025-02-26 20:00:00,109,20250226
2025-02-26 21:00:00,76,20250226
2025-02-26 22:00:00,44,20250226
2025-02-26 23:00:00,20,20250226
2025-02-27 00:00:00,5,20250226
2025-02-27 01:00:00,1,20250226
2025-02-27 02:00:00,0,20250226
2025-02-27 03:00:00,0,20250226
2025-02-27 04:00:00,0,20250226
2025-02-27 05:00:00,11,20250226
2025-02-27 06:00:00,65,20250226
2025-02-27 07:00:00,113,20250226
2025-02-27 08:00:00,125,20250226
2025-02-27 09:00:00,119,20250226
2025-02-27 10:00:00,105,20250226
2025-02-27 11:00:00,96,20250226
2025-02-27 12:00:00,86,20250226
2025-02-27 13:00:00,68,20250226
2025-02-27 14:00:00,69,20250226
2025-02-27 15:00:00,96,20250226
2025-02-27 16:00:00,138,20250226
2025-02-27 17:00:00,150,20250226
2025-02-27 18:00:00,143,20250226
2025-02-27 19:00:00,125,20250226
2025-02-27 20:00:00,110,20250226
2025-02-27 21:00:00,74,20250226
2025-02-27 22:00:00,46,20250226
2025-02-27 23:00:00,20,20250226
2025-02-28 00:00:00,5,20250226
2025-02-28 01:00:00,1,20250226
2025-02-28 02:00:00,0,20250226
2025-02-28 03:00:00,0,20250226
2025-02-28 04:00:00,0,20250226
2025-02-28 05:00:00,12,20250226
2025-02-28 06:00:00,87,20250226
2025-02-28 07:00:00,148,20250226
2025-02-28 08:00:00,163,20250226
2025-02-28 09:00:00,153,20250226
2025-02-28 10:00:00,137,20250226
2025-02-28 11:00:00,118,20250226
2025-02-28 12:00:00,93,20250226
2025-02-28 13:00:00,75,20250226
2025-02-28 14:00:00,76,20250226
2025-02-28 15:00:00,98,20250226
2025-02-28 16:00:00,144,20250226
2025-02-28 17:00:00,169,20250226
2025-02-28 18:00:00,160,20250226
2025-02-28 19:00:00,148,20250226
2025-02-28 20:00:00,126,20250226
2025-02-28 21:00:00,85,20250226
2025-02-28 22:00:00,56,20250226
2025-02-28 23:00:00,25,20250226
2025-03-01 00:00:00,9,20250226
2025-03-01 01:00:00,3,20250226
2025-03-01 02:00:00,0,20250226
2025-03-01 03:00:00,0,20250226
2025-03-01 04:00:00,0,20250226
2025-03-01 05:00:00,5,20250226
2025-03-01 06:00:00,29,20250226
2025-03-01 07:00:00,92,20250226
2025-03-01 08:00:00,116,20250226
2025-03-01 09:00:00,131,20250226
2025-03-01 10:00:00,126,20250226
2025-03-01 11:00:00,126,20250226
2025-03-01 12:00:00,113,20250226
2025-03-01 13:00:00,99,20250226
2025-03-01 14:00:00,91,20250226
2025-03-01 15:00:00,99,20250226
2025-03-01 16:00:00,112,20250226
2025-03-01 17:00:00,117,20250226
2025-03-01 18:00:00,122,20250226
2025-03-01 19:00:00,134,20250226
2025-03-01 20:00:00,122,20250226
2025-03-01 21:00:00,119,20250226
2025-03-01 22:00:00,87,20250226
2025-03-01 23:00:00,51,20250226
2025-03-02 00:00:00,18,20250226
2025-03-02 01:00:00,3,20250226
2025-03-02 02:00:00,0,20250226
2025-03-02 03:00:00,0,20250226
2025-03-02 04:00:00,0,20250226
2025-03-02 05:00:00,5,20250226
2025-03-02 06:00:00,29,20250226
2025-03-02 07:00:00,91,20250226
2025-03-02 08:00:00,113,20250226
2025-03-02 09:00:00,128,20250226
2025-03-02 10:00:00,123,20250226
2025-03-02 11:00:00,120,20250226
2025-03-02 12:00:00,107,20250226
2025-03-02 13:00:00,94,20250226
2025-03-02 14:00:00,87,20250226
2025-03-02 15:00:00,95,20250226
2025-03-02 16:00:00,111,20250226
2025-03-02 17:00:00,116,20250226
2025-03-02 18:00:00,123,20250226
2025-03-02 19:00:00,131,20250226
2025-03-02 20:00:00,123,20250226
2025-03-02 21:00:00,119,20250226
2025-03-02 22:00:00,90,20250226
2025-03-02 23:00:00,54,20250226
2025-03-03 00:00:00,18,20250226
2025-03-03 01:00:00,2,20250226
2025-03-03 02:00:00,0,20250226
2025-03-03 03:00:00,0,20250226
2025-03-03 04:00:00,0,20250226
2025-03-03 05:00:00,60,20250226
2025-03-03 06:00:00,204,20250226
2025-03-03 07:00:00,319,20250226
2025-03-03 08:00:00,324,20250226
2025-03-03 09:00:00,266,20250226
2025-03-03 10:00:00,264,20250226
2025-03-03 11:00:00,262,20250226
2025-03-03 12:00:00,261,20250226
2025-03-03 13:00:00,262,20250226
2025-03-03 14:00:00,267,20250226
2025-03-03 15:00:00,264,20250226
2025-03-03 16:00:00,282,20250226
2025-03-03 17:00:00,337,20250226
2025-03-03 18:00:00,319,20250226
2025-03-03 19:00:00,279,20250226
2025-03-03 20:00:00,257,20250226
2025-03-03 21:00:00,235,20250226
2025-03-03 22:00:00,202,20250226
2025-03-03 23:00:00,134,20250226
2025-03-04 00:00:00,39,20250226
2025-03-04 01:00:00,4,20250226
2025-03-04 02:00:00,0,20250226
2025-03-04 03:00:00,0,20250226
2025-03-04 04:00:00,0,20250226
2025-03-04 05:00:00,60,20250226
2025-03-04 06:00:00,204,20250226
2025-03-04 07:00:00,319,20250226
2025-03-04 08:00:00,324,20250226
2025-03-04 09:00:00,265,20250226
2025-03-04 10:00:00,264,20250226
2025-03-04 11:00:00,262,20250226
2025-03-04 12:00:00,261,20250226
2025-03-04 13:00:00,262,20250226
2025-03-04 14:00:00,266,20250226
2025-03-04 15:00:00,264,20250226
2025-03-04 16:00:00,282,20250226
2025-03-04 17:00:00,337,20250226
2025-03-04 18:00:00,319,20250226
2025-03-04 19:00:00,280,20250226
2025-03-04 20:00:00,256,20250226
2025-03-04 21:00:00,235,20250226
2025-03-04 22:00:00,202,20250226
2025-03-04 23:00:00,134,20250226
2025-03-05 00:00:00,39,20250226
2025-03-05 01:00:00,4,20250226
2025-03-05 02:00:00,0,20250226
2025-03-05 03:00:00,0,20250226
2025-03-05 04:00:00,0,20250226
2025-03-05 05:00:00,60,20250226
2025-03-05 06:00:00,204,20250226
2025-03-05 07:00:00,319,20250226
2025-03-05 08:00:00,324,20250226
2025-03-05 09:00:00,266,20250226
2025-03-05 10:00:00,264,20250226
2025-03-05 11:00:00,262,20250226
2025-03-05 12:00:00,261,20250226
2025-03-05 13:00:00,271,20250226
2025-03-05 14:00:00,267,20250226
2025-03-05 15:00:00,264,20250226
2025-03-05 16:00:00,282,20250226
2025-03-05 17:00:00,338,20250226
2025-03-05 18:00:00,320,20250226
2025-03-05 19:00:00,279,20250226
2025-03-05 20:00:00,257,20250226
2025-03-05 21:00:00,235,20250226
2025-03-05 22:00:00,202,20250226
2025-03-05 23:00:00,134,20250226
2025-03-06 00:00:00,39,20250226
2025-03-06 01:00:00,4,20250226
2025-03-06 02:00:00,0,20250226
2025-03-06 03:00:00,0,20250226
2025-03-06 04:00:00,0,20250226
2025-03-06 05:00:00,60,20250226
2025-03-06 06:00:00,204,20250226
2025-03-06 07:00:00,319,20250226
2025-03-06 08:00:00,324,20250226
2025-03-06 09:00:00,265,20250226
2025-03-06 10:00:00,264,20250226
2025-03-06 11:00:00,262,20250226
2025-03-06 12:00:00,261,20250226
2025-03-06 13:00:00,262,20250226
2025-03-06 14:00:00,267,20250226
2025-03-06 15:00:00,264,20250226
2025-03-06 16:00:00,282,20250226
2025-03-06 17:00:00,337,20250226
2025-03-06 18:00:00,319,20250226
2025-03-06 19:00:00,279,20250226
2025-03-06 20:00:00,256,20250226
2025-03-06 21:00:00,235,20250226
2025-03-06 22:00:00,202,20250226
2025-03-06 23:00:00,134,20250226
2025-03-07 00:00:00,39,20250226
2025-03-07 01:00:00,3,20250226
2025-03-07 02:00:00,0,20250226
2025-03-07 03:00:00,0,20250226
2025-03-07 04:00:00,0,20250226
2025-03-07 05:00:00,0,20250226
2025-03-07 06:00:00,0,20250226
2025-03-07 07:00:00,0,20250226
2025-03-07 08:00:00,0,20250226
2025-03-07 09:00:00,1,20250226
2025-03-07 10:00:00,0,20250226
2025-02-27 04:00:00,0,20250227
2025-02-27 05:00:00,11,20250227
2025-02-27 06:00:00,65,20250227
2025-02-27 07:00:00,113,20250227
2025-02-27 08:00:00,124,20250227
2025-02-27 09:00:00,119,20250227
2025-02-27 10:00:00,107,20250227
2025-02-27 11:00:00,99,20250227
2025-02-27 12:00:00,88,20250227
2025-02-27 13:00:00,70,20250227
2025-02-27 14:00:00,71,20250227
2025-02-27 15:00:00,100,20250227
2025-02-27 16:00:00,138,20250227
2025-02-27 17:00:00,150,20250227
2025-02-27 18:00:00,144,20250227
2025-02-27 19:00:00,125,20250227
2025-02-27 20:00:00,109,20250227
2025-02-27 21:00:00,75,20250227
2025-02-27 22:00:00,47,20250227
2025-02-27 23:00:00,20,20250227
2025-02-28 00:00:00,5,20250227
2025-02-28 01:00:00,1,20250227
2025-02-28 02:00:00,0,20250227
2025-02-28 03:00:00,0,20250227
2025-02-28 04:00:00,0,20250227
2025-02-28 05:00:00,9,20250227
2025-02-28 06:00:00,72,20250227
2025-02-28 07:00:00,122,20250227
2025-02-28 08:00:00,134,20250227
2025-02-28 09:00:00,128,20250227
2025-02-28 10:00:00,119,20250227
2025-02-28 11:00:00,101,20250227
2025-02-28 12:00:00,78,20250227
2025-02-28 13:00:00,65,20250227
2025-02-28 14:00:00,68,20250227
2025-02-28 15:00:00,89,20250227
2025-02-28 16:00:00,124,20250227
2025-02-28 17:00:00,142,20250227
2025-02-28 18:00:00,133,20250227
2025-02-28 19:00:00,121,20250227
2025-02-28 20:00:00,103,20250227
2025-02-28 21:00:00,71,20250227
2025-02-28 22:00:00,46,20250227
2025-02-28 23:00:00,19,20250227
2025-03-01 00:00:00,5,20250227
2025-03-01 01:00:00,1,20250227
2025-03-01 02:00:00,0,20250227
2025-03-01 03:00:00,0,20250227
2025-03-01 04:00:00,0,20250227
2025-03-01 05:00:00,2,20250227
2025-03-01 06:00:00,19,20250227
2025-03-01 07:00:00,55,20250227
2025-03-01 08:00:00,77,20250227
2025-03-01 09:00:00,87,20250227
2025-03-01 10:00:00,90,20250227
2025-03-01 11:00:00,83,20250227
2025-03-01 12:00:00,83,20250227
2025-03-01 13:00:00,72,20250227
2025-03-01 14:00:00,62,20250227
2025-03-01 15:00:00,64,20250227
2025-03-01 16:00:00,74,20250227
2025-03-01 17:00:00,74,20250227
2025-03-01 18:00:00,85,20250227
2025-03-01 19:00:00,85,20250227
2025-03-01 20:00:00,77,20250227
2025-03-01 21:00:00,75,20250227
2025-03-01 22:00:00,52,20250227
2025-03-01 23:00:00,30,20250227
2025-03-02 00:00:00,12,20250227
2025-03-02 01:00:00,3,20250227
2025-03-02 02:00:00,0,20250227
2025-03-02 03:00:00,0,20250227
2025-03-02 04:00:00,0,20250227
2025-03-02 05:00:00,5,20250227
2025-03-02 06:00:00,29,20250227
2025-03-02 07:00:00,91,20250227
2025-03-02 08:00:00,113,20250227
2025-03-02 09:00:00,128,20250227
2025-03-02 10:00:00,123,20250227
2025-03-02 11:00:00,120,20250227
2025-03-02 12:00:00,107,20250227
2025-03-02 13:00:00,94,20250227
2025-03-02 14:00:00,87,20250227
2025-03-02 15:00:00,95,20250227
2025-03-02 16:00:00,110,20250227
2025-03-02 17:00:00,117,20250227
2025-03-02 18:00:00,124,20250227
2025-03-02 19:00:00,130,20250227
2025-03-02 20:00:00,123,20250227
2025-03-02 21:00:00,120,20250227
2025-03-02 22:00:00,89,20250227
2025-03-02 23:00:00,54,20250227
2025-03-03 00:00:00,18,20250227
2025-03-03 01:00:00,2,20250227
2025-03-03 02:00:00,0,20250227
2025-03-03 03:00:00,0,20250227
2025-03-03 04:00:00,0,20250227
2025-03-03 05:00:00,60,20250227
2025-03-03 06:00:00,204,20250227
2025-03-03 07:00:00,319,20250227
2025-03-03 08:00:00,324,20250227
2025-03-03 09:00:00,266,20250227
2025-03-03 10:00:00,263,20250227
2025-03-03 11:00:00,261,20250227
2025-03-03 12:00:00,260,20250227
2025-03-03 13:00:00,262,20250227
2025-03-03 14:00:00,266,20250227
2025-03-03 15:00:00,263,20250227
2025-03-03 16:00:00,281,20250227
2025-03-03 17:00:00,336,20250227
2025-03-03 18:00:00,318,20250227
2025-03-03 19:00:00,277,20250227
2025-03-03 20:00:00,255,20250227
2025-03-03 21:00:00,234,20250227
2025-03-03 22:00:00,201,20250227
2025-03-03 23:00:00,134,20250227
2025-03-04 00:00:00,39,20250227
2025-03-04 01:00:00,4,20250227
2025-03-04 02:00:00,0,20250227
2025-03-04 03:00:00,0,20250227
2025-03-04 04:00:00,0,20250227
2025-03-04 05:00:00,60,20250227
2025-03-04 06:00:00,204,20250227
2025-03-04 07:00:00,319,20250227
2025-03-04 08:00:00,324,20250227
2025-03-04 09:00:00,265,20250227
2025-03-04 10:00:00,263,20250227
2025-03-04 11:00:00,261,20250227
2025-03-04 12:00:00,260,20250227
2025-03-04 13:00:00,261,20250227
2025-03-04 14:00:00,265,20250227
2025-03-04 15:00:00,263,20250227
2025-03-04 16:00:00,281,20250227
2025-03-04 17:00:00,336,20250227
2025-03-04 18:00:00,318,20250227
2025-03-04 19:00:00,278,20250227
2025-03-04 20:00:00,254,20250227
2025-03-04 21:00:00,234,20250227
2025-03-04 22:00:00,201,20250227
2025-03-04 23:00:00,134,20250227
2025-03-05 00:00:00,39,20250227
2025-03-05 01:00:00,4,20250227
2025-03-05 02:00:00,0,20250227
2025-03-05 03:00:00,0,20250227
2025-03-05 04:00:00,0,20250227
2025-03-05 05:00:00,60,20250227
2025-03-05 06:00:00,204,20250227
2025-03-05 07:00:00,319,20250227
2025-03-05 08:00:00,324,20250227
2025-03-05 09:00:00,266,20250227
2025-03-05 10:00:00,263,20250227
2025-03-05 11:00:00,261,20250227
2025-03-05 12:00:00,260,20250227
2025-03-05 13:00:00,270,20250227
2025-03-05 14:00:00,266,20250227
2025-03-05 15:00:00,263,20250227
2025-03-05 16:00:00,281,20250227
2025-03-05 17:00:00,337,20250227
2025-03-05 18:00:00,319,20250227
2025-03-05 19:00:00,277,20250227
2025-03-05 20:00:00,255,20250227
2025-03-05 21:00:00,234,20250227
2025-03-05 22:00:00,201,20250227
2025-03-05 23:00:00,134,20250227
2025-03-06 00:00:00,39,20250227
2025-03-06 01:00:00,4,20250227
2025-03-06 02:00:00,0,20250227
2025-03-06 03:00:00,0,20250227
2025-03-06 04:00:00,0,20250227
2025-03-06 05:00:00,60,20250227
2025-03-06 06:00:00,204,20250227
2025-03-06 07:00:00,319,20250227
2025-03-06 08:00:00,324,20250227
2025-03-06 09:00:00,265,20250227
2025-03-06 10:00:00,263,20250227
2025-03-06 11:00:00,261,20250227
2025-03-06 12:00:00,260,20250227
2025-03-06 13:00:00,262,20250227
2025-03-06 14:00:00,266,20250227
2025-03-06 15:00:00,263,20250227
2025-03-06 16:00:00,281,20250227
2025-03-06 17:00:00,336,20250227
2025-03-06 18:00:00,318,20250227
2025-03-06 19:00:00,277,20250227
2025-03-06 20:00:00,254,20250227
2025-03-06 21:00:00,234,20250227
2025-03-06 22:00:00,201,20250227
2025-03-06 23:00:00,134,20250227
2025-03-07 00:00:00,39,20250227
2025-03-07 01:00:00,4,20250227
2025-03-07 02:00:00,0,20250227
2025-03-07 03:00:00,0,20250227
2025-03-07 04:00:00,0,20250227
2025-03-07 05:00:00,60,20250227
2025-03-07 06:00:00,204,20250227
2025-03-07 07:00:00,319,20250227
2025-03-07 08:00:00,324,20250227
2025-03-07 09:00:00,266,20250227
2025-03-07 10:00:00,263,20250227
2025-03-07 11:00:00,261,20250227
2025-03-07 12:00:00,260,20250227
2025-03-07 13:00:00,262,20250227
2025-03-07 14:00:00,266,20250227
2025-03-07 15:00:00,263,20250227
2025-03-07 16:00:00,282,20250227
2025-03-07 17:00:00,335,20250227
2025-03-07 18:00:00,317,20250227
2025-03-07 19:00:00,277,20250227
2025-03-07 20:00:00,255,20250227
2025-03-07 21:00:00,234,20250227
2025-03-07 22:00:00,201,20250227
2025-03-07 23:00:00,134,20250227
2025-03-08 00:00:00,40,20250227
2025-03-08 01:00:00,3,20250227
2025-03-08 02:00:00,0,20250227
2025-02-28 04:00:00,0,20250228
2025-02-28 05:00:00,9,20250228
2025-02-28 06:00:00,71,20250228
2025-02-28 07:00:00,121,20250228
2025-02-28 08:00:00,132,20250228
2025-02-28 09:00:00,129,20250228
2025-02-28 10:00:00,120,20250228
2025-02-28 11:00:00,100,20250228
2025-02-28 12:00:00,79,20250228
2025-02-28 13:00:00,64,20250228
2025-02-28 14:00:00,68,20250228
2025-02-28 15:00:00,89,20250228
2025-02-28 16:00:00,126,20250228
2025-02-28 17:00:00,144,20250228
2025-02-28 18:00:00,136,20250228
2025-02-28 19:00:00,123,20250228
2025-02-28 20:00:00,103,20250228
2025-02-28 21:00:00,70,20250228
2025-02-28 22:00:00,47,20250228
2025-02-28 23:00:00,19,20250228
2025-03-01 00:00:00,4,20250228
2025-03-01 01:00:00,1,20250228
2025-03-01 02:00:00,0,20250228
2025-03-01 03:00:00,0,20250228
2025-03-01 04:00:00,0,20250228
2025-03-01 05:00:00,1,20250228
2025-03-01 06:00:00,15,20250228
2025-03-01 07:00:00,47,20250228
2025-03-01 08:00:00,64,20250228
2025-03-01 09:00:00,70,20250228
2025-03-01 10:00:00,72,20250228
2025-03-01 11:00:00,68,20250228
2025-03-01 12:00:00,72,20250228
2025-03-01 13:00:00,58,20250228
2025-03-01 14:00:00,51,20250228
2025-03-01 15:00:00,52,20250228
2025-03-01 16:00:00,63,20250228
2025-03-01 17:00:00,62,20250228
2025-03-01 18:00:00,75,20250228
2025-03-01 19:00:00,72,20250228
2025-03-01 20:00:00,64,20250228
2025-03-01 21:00:00,61,20250228
2025-03-01 22:00:00,33,20250228
2025-03-01 23:00:00,20,20250228
2025-03-02 00:00:00,6,20250228
2025-03-02 01:00:00,0,20250228
2025-03-02 02:00:00,0,20250228
2025-03-02 03:00:00,0,20250228
2025-03-02 04:00:00,0,20250228
2025-03-02 05:00:00,5,20250228
2025-03-02 06:00:00,23,20250228
2025-03-02 07:00:00,80,20250228
2025-03-02 08:00:00,101,20250228
2025-03-02 09:00:00,113,20250228
2025-03-02 10:00:00,102,20250228
2025-03-02 11:00:00,98,20250228
2025-03-02 12:00:00,86,20250228
2025-03-02 13:00:00,73,20250228
2025-03-02 14:00:00,63,20250228
2025-03-02 15:00:00,70,20250228
2025-03-02 16:00:00,86,20250228
2025-03-02 17:00:00,94,20250228
2025-03-02 18:00:00,102,20250228
2025-03-02 19:00:00,115,20250228
2025-03-02 20:00:00,111,20250228
2025-03-02 21:00:00,107,20250228
2025-03-02 22:00:00,63,20250228
2025-03-02 23:00:00,38,20250228
2025-03-03 00:00:00,13,20250228
2025-03-03 01:00:00,2,20250228
2025-03-03 02:00:00,0,20250228
2025-03-03 03:00:00,0,20250228
2025-03-03 04:00:00,0,20250228
2025-03-03 05:00:00,60,20250228
2025-03-03 06:00:00,204,20250228
2025-03-03 07:00:00,319,20250228
2025-03-03 08:00:00,324,20250228
2025-03-03 09:00:00,266,20250228
2025-03-03 10:00:00,263,20250228
2025-03-03 11:00:00,259,20250228
2025-03-03 12:00:00,259,20250228
2025-03-03 13:00:00,261,20250228
2025-03-03 14:00:00,264,20250228
2025-03-03 15:00:00,262,20250228
2025-03-03 16:00:00,281,20250228
2025-03-03 17:00:00,336,20250228
2025-03-03 18:00:00,318,20250228
2025-03-03 19:00:00,277,20250228
2025-03-03 20:00:00,255,20250228
2025-03-03 21:00:00,234,20250228
2025-03-03 22:00:00,201,20250228
2025-03-03 23:00:00,134,20250228
2025-03-04 00:00:00,39,20250228
2025-03-04 01:00:00,4,20250228
2025-03-04 02:00:00,0,20250228
2025-03-04 03:00:00,0,20250228
2025-03-04 04:00:00,0,20250228
2025-03-04 05:00:00,60,20250228
2025-03-04 06:00:00,204,20250228
2025-03-04 07:00:00,319,20250228
2025-03-04 08:00:00,324,20250228
2025-03-04 09:00:00,265,20250228
2025-03-04 10:00:00,263,20250228
2025-03-04 11:00:00,259,20250228
2025-03-04 12:00:00,259,20250228
2025-03-04 13:00:00,260,20250228
2025-03-04 14:00:00,263,20250228
2025-03-04 15:00:00,262,20250228
2025-03-04 16:00:00,281,20250228
2025-03-04 17:00:00,336,20250228
2025-03-04 18:00:00,318,20250228
2025-03-04 19:00:00,278,20250228
2025-03-04 20:00:00,254,20250228
2025-03-04 21:00:00,234,20250228
2025-03-04 22:00:00,201,20250228
2025-03-04 23:00:00,134,20250228
2025-03-05 00:00:00,39,20250228
2025-03-05 01:00:00,4,20250228
2025-03-05 02:00:00,0,20250228
2025-03-05 03:00:00,0,20250228
2025-03-05 04:00:00,0,20250228
2025-03-05 05:00:00,60,20250228
2025-03-05 06:00:00,204,20250228
2025-03-05 07:00:00,319,20250228
2025-03-05 08:00:00,324,20250228
2025-03-05 09:00:00,266,20250228
2025-03-05 10:00:00,263,20250228
2025-03-05 11:00:00,259,20250228
2025-03-05 12:00:00,259,20250228
2025-03-05 13:00:00,269,20250228
2025-03-05 14:00:00,264,20250228
2025-03-05 15:00:00,262,20250228
2025-03-05 16:00:00,281,20250228
2025-03-05 17:00:00,337,20250228
2025-03-05 18:00:00,319,20250228
2025-03-05 19:00:00,277,20250228
2025-03-05 20:00:00,255,20250228
2025-03-05 21:00:00,234,20250228
2025-03-05 22:00:00,201,20250228
2025-03-05 23:00:00,134,20250228
2025-03-06 00:00:00,39,20250228
2025-03-06 01:00:00,4,20250228
2025-03-06 02:00:00,0,20250228
2025-03-06 03:00:00,0,20250228
2025-03-06 04:00:00,0,20250228
2025-03-06 05:00:00,60,20250228
2025-03-06 06:00:00,204,20250228
2025-03-06 07:00:00,319,20250228
2025-03-06 08:00:00,324,20250228
2025-03-06 09:00:00,265,20250228
2025-03-06 10:00:00,263,20250228
2025-03-06 11:00:00,259,20250228
2025-03-06 12:00:00,259,20250228
2025-03-06 13:00:00,261,20250228
2025-03-06 14:00:00,264,20250228
2025-03-06 15:00:00,262,20250228
2025-03-06 16:00:00,281,20250228
2025-03-06 17:00:00,336,20250228
2025-03-06 18:00:00,318,20250228
2025-03-06 19:00:00,277,20250228
2025-03-06 20:00:00,254,20250228
2025-03-06 21:00:00,234,20250228
2025-03-06 22:00:00,201,20250228
2025-03-06 23:00:00,134,20250228
2025-03-07 00:00:00,39,20250228
2025-03-07 01:00:00,4,20250228
2025-03-07 02:00:00,0,20250228
2025-03-07 03:00:00,0,20250228
2025-03-07 04:00:00,0,20250228
2025-03-07 05:00:00,60,20250228
2025-03-07 06:00:00,204,20250228
2025-03-07 07:00:00,319,20250228
2025-03-07 08:00:00,324,20250228
2025-03-07 09:00:00,266,20250228
2025-03-07 10:00:00,263,20250228
2025-03-07 11:00:00,259,20250228
2025-03-07 12:00:00,259,20250228
2025-03-07 13:00:00,261,20250228
2025-03-07 14:00:00,264,20250228
2025-03-07 15:00:00,262,20250228
2025-03-07 16:00:00,282,20250228
2025-03-07 17:00:00,335,20250228
2025-03-07 18:00:00,317,20250228
2025-03-07 19:00:00,277,20250228
2025-03-07 20:00:00,255,20250228
2025-03-07 21:00:00,234,20250228
2025-03-07 22:00:00,201,20250228
2025-03-07 23:00:00,134,20250228
2025-03-08 00:00:00,40,20250228
2025-03-08 01:00:00,4,20250228
2025-03-08 02:00:00,0,20250228
2025-03-08 03:00:00,0,20250228
2025-03-08 04:00:00,0,20250228
2025-03-08 05:00:00,11,20250228
2025-03-08 06:00:00,49,20250228
2025-03-08 07:00:00,132,20250228
2025-03-08 08:00:00,163,20250228
2025-03-08 09:00:00,176,20250228
2025-03-08 10:00:00,171,20250228
2025-03-08 11:00:00,179,20250228
2025-03-08 12:00:00,172,20250228
2025-03-08 13:00:00,179,20250228
2025-03-08 14:00:00,174,20250228
2025-03-08 15:00:00,179,20250228
2025-03-08 16:00:00,172,20250228
2025-03-08 17:00:00,177,20250228
2025-03-08 18:00:00,171,20250228
2025-03-08 19:00:00,177,20250228
2025-03-08 20:00:00,168,20250228
2025-03-08 21:00:00,171,20250228
2025-03-08 22:00:00,152,20250228
2025-03-08 23:00:00,109,20250228
2025-03-09 00:00:00,44,20250228
2025-03-09 01:00:00,7,20250228
2025-03-09 02:00:00,0,20250228
